Time,phi(t),phidot(t),H(t)
0.1,4.0,0.0,6.179266498564948e-05
0.10990990990990991,3.9999999999990283,-1.960888417378566e-10,6.179266498564948e-05
0.11981981981981983,3.9999999999961138,-3.9217732324542017e-10,6.179266498564949e-05
0.12972972972972974,3.9999999999912554,-5.88265444523464e-10,6.179266498564948e-05
0.13963963963963966,3.999999999984454,-7.843532055727622e-10,6.179266498564948e-05
0.14954954954954958,3.9999999999757097,-9.804406063940885e-10,6.179266498564947e-05
0.15945945945945947,3.999999999965022,-1.1765276469882159e-09,6.179266498564948e-05
0.1693693693693694,3.9999999999523914,-1.3726143273559198e-09,6.179266498564947e-05
0.17927927927927928,3.9999999999378173,-1.5687006474979718e-09,6.179266498564947e-05
0.1891891891891892,3.9999999999213,-1.7647866074151475e-09,6.179266498564944e-05
0.19909909909909912,3.9999999999028395,-1.9608722071082206e-09,6.179266498564943e-05
0.20900900900900904,3.999999999882436,-2.1569574465779633e-09,6.17926649856494e-05
0.21891891891891893,3.999999999860089,-2.35304232582515e-09,6.179266498564937e-05
0.22882882882882885,3.999999999835799,-2.549126844850556e-09,6.179266498564936e-05
0.23873873873873877,3.9999999998095657,-2.7452110036549536e-09,6.179266498564932e-05
0.24864864864864866,3.999999999781389,-2.9412948022391152e-09,6.179266498564926e-05
0.2585585585585586,3.9999999997512696,-3.1373782406038176e-09,6.179266498564922e-05
0.2684684684684685,3.999999999719207,-3.333461318749833e-09,6.179266498564917e-05
0.2783783783783784,3.999999999685201,-3.5295440366779355e-09,6.179266498564911e-05
0.28828828828828834,3.999999999649252,-3.725626394388898e-09,6.179266498564905e-05
0.29819819819819826,3.9999999996113598,-3.921708391883495e-09,6.179266498564896e-05
0.3081081081081081,3.9999999995715245,-4.117790029162499e-09,6.17926649856489e-05
0.31801801801801804,3.999999999529746,-4.313871306226687e-09,6.179266498564882e-05
0.32792792792792796,3.9999999994860245,-4.5099522230768295e-09,6.179266498564872e-05
0.33783783783783783,3.9999999994403597,-4.706032779713701e-09,6.179266498564861e-05
0.34774774774774775,3.9999999993927515,-4.902112976138077e-09,6.179266498564849e-05
0.35765765765765767,3.9999999993432005,-5.0981928123507295e-09,6.179266498564837e-05
0.3675675675675676,3.9999999992917066,-5.294272288352433e-09,6.179266498564825e-05
0.3774774774774775,3.999999999238269,-5.490351404143961e-09,6.179266498564808e-05
0.3873873873873874,3.9999999991828887,-5.6864301597260875e-09,6.179266498564795e-05
0.39729729729729735,3.999999999125565,-5.8825085550995835e-09,6.179266498564776e-05
0.40720720720720727,3.9999999990662984,-6.0785865902652265e-09,6.17926649856476e-05
0.4171171171171172,3.9999999990050887,-6.274664265223791e-09,6.179266498564742e-05
0.4270270270270271,3.9999999989419357,-6.470741579976046e-09,6.17926649856472e-05
0.436936936936937,3.9999999988768398,-6.66681853452277e-09,6.1792664985647e-05
0.44684684684684695,3.9999999988098005,-6.862895128864734e-09,6.179266498564676e-05
0.45675675675675675,3.9999999987408184,-7.05897136300271e-09,6.179266498564652e-05
0.4666666666666667,3.999999998669893,-7.255047236937477e-09,6.179266498564625e-05
0.4765765765765766,3.9999999985970245,-7.451122750669806e-09,6.1792664985646e-05
0.4864864864864865,3.999999998522213,-7.64719790420047e-09,6.179266498564573e-05
0.49639639639639643,3.9999999984454586,-7.843272697530246e-09,6.179266498564543e-05
0.5063063063063064,3.9999999983667607,-8.039347130659903e-09,6.17926649856451e-05
0.5162162162162163,3.99999999828612,-8.23542120359022e-09,6.179266498564476e-05
0.5261261261261262,3.999999998203536,-8.431494916321964e-09,6.179266498564444e-05
0.5360360360360361,3.9999999981190095,-8.627568268855913e-09,6.179266498564409e-05
0.545945945945946,3.9999999980325396,-8.823641261192841e-09,6.17926649856437e-05
0.555855855855856,3.9999999979441263,-9.019713893333524e-09,6.17926649856433e-05
0.5657657657657659,3.99999999785377,-9.215786165278727e-09,6.179266498564288e-05
0.5756756756756757,3.999999997761471,-9.411858077029234e-09,6.179266498564246e-05
0.5855855855855856,3.999999997667229,-9.607929628585812e-09,6.179266498564203e-05
0.5954954954954955,3.999999997571044,-9.80400081994924e-09,6.179266498564156e-05
0.6054054054054054,3.9999999974729152,-1.0000071651120288e-08,6.179266498564106e-05
0.6153153153153154,3.999999997372844,-1.0196142122099728e-08,6.179266498564056e-05
0.6252252252252253,3.9999999972708298,-1.039221223288834e-08,6.179266498564003e-05
0.6351351351351352,3.9999999971668725,-1.0588281983486893e-08,6.179266498563949e-05
0.6450450450450451,3.999999997060972,-1.0784351373896162e-08,6.179266498563892e-05
0.654954954954955,3.9999999969531284,-1.0980420404116922e-08,6.179266498563833e-05
0.664864864864865,3.999999996843342,-1.1176489074149943e-08,6.179266498563773e-05
0.6747747747747748,3.999999996731612,-1.1372557383996002e-08,6.179266498563708e-05
0.6846846846846847,3.99999999661794,-1.156862533365587e-08,6.179266498563646e-05
0.6945945945945946,3.9999999965023245,-1.1764692923130327e-08,6.179266498563578e-05
0.7045045045045045,3.9999999963847657,-1.196076015242014e-08,6.179266498563506e-05
0.7144144144144144,3.9999999962652644,-1.2156827021526087e-08,6.179266498563435e-05
0.7243243243243244,3.9999999961438197,-1.2352893530448938e-08,6.179266498563361e-05
0.7342342342342343,3.999999996020432,-1.254895967918947e-08,6.179266498563285e-05
0.7441441441441442,3.9999999958951014,-1.2745025467748457e-08,6.179266498563204e-05
0.7540540540540541,3.999999995767828,-1.2941090896126668e-08,6.179266498563124e-05
0.763963963963964,3.9999999956386114,-1.3137155964324884e-08,6.179266498563038e-05
0.773873873873874,3.999999995507452,-1.333322067234387e-08,6.179266498562952e-05
0.7837837837837839,3.9999999953743495,-1.3529285020184408e-08,6.179266498562862e-05
0.7936936936936938,3.999999995239304,-1.3725349007847268e-08,6.179266498562771e-05
0.8036036036036036,3.9999999951023155,-1.3921412635333222e-08,6.179266498562677e-05
0.8135135135135135,3.999999994963384,-1.4117475902643045e-08,6.179266498562578e-05
0.8234234234234235,3.9999999948225096,-1.4313538809777515e-08,6.179266498562479e-05
0.8333333333333334,3.9999999946796923,-1.4509601356737401e-08,6.179266498562376e-05
0.8432432432432433,3.999999994534932,-1.4705663543523479e-08,6.17926649856227e-05
0.8531531531531532,3.9999999943882285,-1.4901725370136522e-08,6.17926649856216e-05
0.8630630630630631,3.9999999942395825,-1.5097786836577307e-08,6.179266498562049e-05
0.872972972972973,3.999999994088993,-1.52938479428466e-08,6.179266498561935e-05
0.882882882882883,3.999999993936461,-1.5489908688945175e-08,6.179266498561817e-05
0.8927927927927929,3.999999993781986,-1.5685969074873817e-08,6.179266498561697e-05
0.9027027027027028,3.999999993625568,-1.5882029100633293e-08,6.179266498561573e-05
0.9126126126126127,3.999999993467207,-1.607808876622437e-08,6.179266498561447e-05
0.9225225225225226,3.9999999933069033,-1.6274148071647835e-08,6.179266498561317e-05
0.9324324324324325,3.9999999931446566,-1.6470207016904453e-08,6.179266498561186e-05
0.9423423423423424,3.9999999929804666,-1.6666265601994995e-08,6.179266498561049e-05
0.9522522522522523,3.999999992814334,-1.6862323826920242e-08,6.17926649856091e-05
0.9621621621621622,3.9999999926462584,-1.7058381691680966e-08,6.179266498560766e-05
0.9720720720720721,3.99999999247624,-1.7254439196277943e-08,6.179266498560622e-05
0.981981981981982,3.9999999923042786,-1.7450496340711942e-08,6.179266498560472e-05
0.991891891891892,3.999999992130374,-1.7646553124983737e-08,6.179266498560318e-05
1.001801801801802,3.9999999919545273,-1.7842609549094105e-08,6.179266498560164e-05
1.0117117117117118,3.999999991776737,-1.8038665613043817e-08,6.179266498560004e-05
1.0216216216216218,3.999999991597004,-1.8234721316829264e-08,6.179266498559841e-05
1.0315315315315317,3.999999991415328,-1.843077666043997e-08,6.179266498559673e-05
1.0414414414414417,3.999999991231709,-1.862683164389254e-08,6.179266498559503e-05
1.0513513513513515,3.9999999910461472,-1.8822886267187748e-08,6.179266498559328e-05
1.0612612612612613,3.9999999908586426,-1.9018940530326366e-08,6.17926649855915e-05
1.0711711711711713,3.9999999906691954,-1.9214994433309172e-08,6.17926649855897e-05
1.0810810810810811,3.999999990477805,-1.9411047976136928e-08,6.179266498558784e-05
1.0909909909909912,3.9999999902844716,-1.9607101158810416e-08,6.179266498558596e-05
1.1009009009009012,3.9999999900891954,-1.980315398133041e-08,6.179266498558402e-05
1.110810810810811,3.9999999898919762,-1.999920644369767e-08,6.179266498558206e-05
1.1207207207207208,3.9999999896928147,-2.019525854591298e-08,6.179266498558006e-05
1.1306306306306309,3.9999999894917098,-2.039131028797711e-08,6.179266498557799e-05
1.1405405405405407,3.9999999892886624,-2.0587361669890833e-08,6.179266498557593e-05
1.1504504504504507,3.9999999890836717,-2.0783412691654925e-08,6.179266498557378e-05
1.1603603603603605,3.9999999888767386,-2.097946335327015e-08,6.179266498557163e-05
1.1702702702702705,3.9999999886678625,-2.117551365473729e-08,6.179266498556942e-05
1.1801801801801803,3.9999999884570436,-2.1371563596057112e-08,6.179266498556717e-05
1.1900900900900904,3.999999988244282,-2.1567613177230395e-08,6.179266498556488e-05
1.2000000000000002,3.999999988029577,-2.1763662398257902e-08,6.179266498556255e-05
1.2099099099099102,3.99999998781293,-2.1959711259140416e-08,6.17926649855602e-05
1.21981981981982,3.9999999875943395,-2.2155759759878702e-08,6.179266498555776e-05
1.22972972972973,3.9999999873738066,-2.235180790047354e-08,6.179266498555532e-05
1.2396396396396399,3.9999999871513308,-2.2547855680925698e-08,6.179266498555281e-05
1.2495495495495497,3.999999986926912,-2.2743903101235946e-08,6.179266498555027e-05
1.2594594594594597,3.9999999867005505,-2.2939950161405066e-08,6.179266498554767e-05
1.2693693693693695,3.999999986472246,-2.313599686143382e-08,6.179266498554504e-05
1.2792792792792795,3.999999986241999,-2.3332043201322993e-08,6.179266498554237e-05
1.2891891891891893,3.999999986009809,-2.3528089181073346e-08,6.179266498553965e-05
1.2990990990990994,3.9999999857756765,-2.3724134800685658e-08,6.179266498553689e-05
1.3090090090090092,3.999999985539601,-2.3920180060160703e-08,6.179266498553405e-05
1.3189189189189192,3.9999999853015824,-2.411622495949925e-08,6.179266498553118e-05
1.328828828828829,3.9999999850616215,-2.4312269498702072e-08,6.179266498552828e-05
1.338738738738739,3.9999999848197176,-2.4508313677769944e-08,6.179266498552534e-05
1.3486486486486489,3.999999984575871,-2.4704357496703636e-08,6.179266498552232e-05
1.358558558558559,3.9999999843300817,-2.490040095550393e-08,6.179266498551928e-05
1.3684684684684687,3.9999999840823492,-2.5096444054171583e-08,6.179266498551616e-05
1.3783783783783785,3.9999999838326743,-2.529248679270738e-08,6.179266498551302e-05
1.3882882882882885,3.999999983581057,-2.5488529171112093e-08,6.179266498550983e-05
1.3981981981981983,3.999999983327496,-2.5684571189386482e-08,6.179266498550658e-05
1.4081081081081084,3.999999983071993,-2.588061284753134e-08,6.179266498550327e-05
1.4180180180180182,3.999999982814547,-2.607665414554743e-08,6.179266498549993e-05
1.4279279279279282,3.9999999825551584,-2.6272695083435523e-08,6.179266498549654e-05
1.437837837837838,3.999999982293827,-2.646873566119639e-08,6.17926649854931e-05
1.447747747747748,3.9999999820305527,-2.666477587883081e-08,6.179266498548959e-05
1.4576576576576579,3.9999999817653356,-2.686081573633955e-08,6.179266498548602e-05
1.467567567567568,3.999999981498176,-2.705685523372339e-08,6.179266498548242e-05
1.4774774774774777,3.9999999812290734,-2.7252894370983095e-08,6.179266498547876e-05
1.4873873873873877,3.9999999809580284,-2.7448933148119445e-08,6.179266498547507e-05
1.4972972972972975,3.9999999806850406,-2.7644971565133204e-08,6.17926649854713e-05
1.5072072072072074,3.99999998041011,-2.784100962202515e-08,6.179266498546748e-05
1.5171171171171174,3.9999999801332367,-2.803704731879606e-08,6.179266498546362e-05
1.5270270270270272,3.9999999798544206,-2.82330846554467e-08,6.179266498545969e-05
1.5369369369369372,3.999999979573662,-2.842912163197785e-08,6.17926649854557e-05
1.546846846846847,3.9999999792909606,-2.8625158248390272e-08,6.179266498545168e-05
1.556756756756757,3.9999999790063163,-2.8821194504684752e-08,6.179266498544759e-05
1.5666666666666669,3.9999999787197296,-2.901723040086205e-08,6.179266498544344e-05
1.576576576576577,3.9999999784312,-2.921326593692295e-08,6.179266498543923e-05
1.5864864864864867,3.999999978140728,-2.9409301112868214e-08,6.179266498543497e-05
1.5963963963963967,3.999999977848313,-2.9605335928698627e-08,6.179266498543066e-05
1.6063063063063066,3.9999999775539554,-2.9801370384414947e-08,6.17926649854263e-05
1.6162162162162166,3.999999977257655,-2.999740448001796e-08,6.179266498542186e-05
1.6261261261261264,3.999999976959412,-3.0193438215508434e-08,6.179266498541735e-05
1.6360360360360362,3.9999999766592262,-3.0389471590887136e-08,6.179266498541281e-05
1.6459459459459462,3.999999976357098,-3.058550460615485e-08,6.17926649854082e-05
1.655855855855856,3.999999976053027,-3.078153726131234e-08,6.179266498540354e-05
1.665765765765766,3.9999999757470133,-3.097756955636039e-08,6.17926649853988e-05
1.6756756756756759,3.9999999754390574,-3.1173601491299756e-08,6.179266498539404e-05
1.685585585585586,3.999999975129158,-3.1369633066131225e-08,6.179266498538916e-05
1.6954954954954957,3.9999999748173165,-3.1565664280855557e-08,6.179266498538426e-05
1.7054054054054057,3.9999999745035324,-3.1761695135473545e-08,6.17926649853793e-05
1.7153153153153156,3.9999999741878054,-3.195772562998594e-08,6.179266498537425e-05
1.7252252252252256,3.999999973870136,-3.2153755764393524e-08,6.179266498536919e-05
1.7351351351351354,3.9999999735505236,-3.234978553869707e-08,6.179266498536401e-05
1.7450450450450454,3.999999973228969,-3.2545814952897354e-08,6.179266498535879e-05
1.7549549549549552,3.9999999729054716,-3.274184400699514e-08,6.179266498535352e-05
1.764864864864865,3.9999999725800315,-3.2937872700991205e-08,6.179266498534818e-05
1.774774774774775,3.999999972252649,-3.313390103488633e-08,6.179266498534277e-05
1.7846846846846849,3.9999999719233235,-3.332992900868128e-08,6.179266498533728e-05
1.794594594594595,3.9999999715920556,-3.3525956622376825e-08,6.179266498533175e-05
1.8045045045045047,3.9999999712588448,-3.372198387597374e-08,6.179266498532614e-05
1.8144144144144148,3.999999970923692,-3.391801076947281e-08,6.179266498532048e-05
1.8243243243243246,3.999999970586596,-3.411403730287479e-08,6.179266498531473e-05
1.8342342342342346,3.9999999702475577,-3.4310063476180454e-08,6.179266498530895e-05
1.8441441441441444,3.9999999699065767,-3.450608928939059e-08,6.179266498530308e-05
1.8540540540540544,3.9999999695636532,-3.4702114742505963e-08,6.179266498529714e-05
1.8639639639639642,3.999999969218787,-3.4898139835527335e-08,6.179266498529114e-05
1.8738738738738743,3.999999968871978,-3.509416456845549e-08,6.179266498528507e-05
1.883783783783784,3.999999968523227,-3.5290188941291204e-08,6.179266498527893e-05
1.893693693693694,3.999999968172533,-3.5486212954035244e-08,6.179266498527273e-05
1.903603603603604,3.9999999678198965,-3.568223660668838e-08,6.179266498526644e-05
1.9135135135135137,3.9999999674653175,-3.587825989925139e-08,6.17926649852601e-05
1.9234234234234238,3.9999999671087956,-3.607428283172505e-08,6.179266498525368e-05
1.9333333333333336,3.9999999667503316,-3.6270305404110116e-08,6.17926649852472e-05
1.9432432432432436,3.999999966389925,-3.646632761640739e-08,6.179266498524064e-05
1.9531531531531534,3.9999999660275756,-3.666234946861761e-08,6.179266498523401e-05
1.9630630630630634,3.9999999656632834,-3.685837096074158e-08,6.179266498522732e-05
1.9729729729729732,3.9999999652970493,-3.705439209278005e-08,6.179266498522056e-05
1.9828828828828833,3.999999964928872,-3.725041286473381e-08,6.179266498521371e-05
1.992792792792793,3.9999999645587527,-3.744643327660362e-08,6.17926649852068e-05
2.002702702702703,3.9999999641866903,-3.7642453328390256e-08,6.17926649851998e-05
2.012612612612613,3.999999963812686,-3.78384730200945e-08,6.179266498519276e-05
2.0225225225225225,3.9999999634367387,-3.8034492351717103e-08,6.179266498518562e-05
2.0324324324324325,3.999999963058849,-3.823051132325887e-08,6.179266498517841e-05
2.0423423423423426,3.999999962679017,-3.842652993472055e-08,6.179266498517113e-05
2.0522522522522526,3.999999962297242,-3.862254818610292e-08,6.179266498516378e-05
2.062162162162162,3.999999961913525,-3.881856607740675e-08,6.179266498515637e-05
2.0720720720720722,3.999999961527865,-3.901458360863282e-08,6.179266498514885e-05
2.0819819819819823,3.999999961140263,-3.9210600779781904e-08,6.179266498514126e-05
2.0918918918918923,3.999999960750718,-3.940661759085477e-08,6.17926649851336e-05
2.1018018018018023,3.9999999603592307,-3.96026340418522e-08,6.179266498512586e-05
2.111711711711712,3.999999959965801,-3.979865013277494e-08,6.179266498511807e-05
2.121621621621622,3.9999999595704288,-3.999466586362379e-08,6.179266498511018e-05
2.131531531531532,3.999999959173114,-4.019068123439952e-08,6.179266498510223e-05
2.1414414414414416,3.9999999587738566,-4.038669624510289e-08,6.179266498509416e-05
2.1513513513513516,3.9999999583726566,-4.058271089573469e-08,6.179266498508603e-05
2.1612612612612616,3.9999999579695147,-4.077872518629567e-08,6.179266498507785e-05
2.1711711711711716,3.99999995756443,-4.097473911678663e-08,6.179266498506957e-05
2.1810810810810812,3.9999999571574025,-4.117075268720831e-08,6.17926649850612e-05
2.1909909909909913,3.999999956748433,-4.136676589756151e-08,6.179266498505276e-05
2.2009009009009013,3.9999999563375206,-4.1562778747847005e-08,6.179266498504424e-05
2.2108108108108113,3.999999955924666,-4.175879123806554e-08,6.179266498503563e-05
2.220720720720721,3.999999955509869,-4.195480336821791e-08,6.179266498502696e-05
2.230630630630631,3.9999999550931293,-4.2150815138304885e-08,6.17926649850182e-05
2.240540540540541,3.9999999546744474,-4.2346826548327234e-08,6.179266498500935e-05
2.250450450450451,3.999999954253823,-4.254283759828574e-08,6.179266498500042e-05
2.2603603603603606,3.999999953831256,-4.273884828818115e-08,6.179266498499142e-05
2.2702702702702706,3.9999999534067467,-4.2934858618014265e-08,6.179266498498233e-05
2.2801801801801806,3.999999952980295,-4.313086858778585e-08,6.179266498497315e-05
2.2900900900900902,3.9999999525519008,-4.332687819749666e-08,6.17926649849639e-05
2.3000000000000003,3.999999952121564,-4.352288744714749e-08,6.179266498495456e-05
2.3099099099099103,3.999999951689285,-4.37188963367391e-08,6.179266498494513e-05
2.3198198198198203,3.9999999512550635,-4.3914904866272284e-08,6.179266498493561e-05
2.32972972972973,3.9999999508188995,-4.411091303574778e-08,6.179266498492602e-05
2.33963963963964,3.999999950380793,-4.430692084516639e-08,6.179266498491633e-05
2.34954954954955,3.999999949940744,-4.4502928294528875e-08,6.179266498490656e-05
2.35945945945946,3.999999949498753,-4.469893538383601e-08,6.179266498489669e-05
2.3693693693693696,3.9999999490548195,-4.489494211308856e-08,6.179266498488676e-05
2.3792792792792796,3.9999999486089433,-4.509094848228731e-08,6.179266498487673e-05
2.3891891891891897,3.9999999481611246,-4.528695449143304e-08,6.179266498486659e-05
2.3990990990990992,3.999999947711364,-4.548296014052648e-08,6.17926649848564e-05
2.4090090090090093,3.999999947259661,-4.567896542956846e-08,6.179266498484611e-05
2.4189189189189193,3.9999999468060152,-4.5874970358559716e-08,6.179266498483573e-05
2.4288288288288293,3.999999946350427,-4.607097492750104e-08,6.179266498482526e-05
2.438738738738739,3.9999999458928968,-4.626697913639317e-08,6.179266498481468e-05
2.448648648648649,3.999999945433424,-4.646298298523693e-08,6.179266498480403e-05
2.458558558558559,3.999999944972009,-4.665898647403305e-08,6.17926649847933e-05
2.468468468468469,3.999999944508651,-4.685498960278233e-08,6.179266498478246e-05
2.4783783783783786,3.9999999440433514,-4.705099237148553e-08,6.179266498477153e-05
2.4882882882882886,3.999999943576109,-4.7246994780143435e-08,6.179266498476053e-05
2.4981981981981987,3.9999999431069244,-4.7442996828756804e-08,6.179266498474942e-05
2.5081081081081087,3.9999999426357973,-4.7638998517326405e-08,6.179266498473821e-05
2.5180180180180183,3.999999942162728,-4.7834999845853025e-08,6.179266498472693e-05
2.5279279279279283,3.999999941687716,-4.8031000814337424e-08,6.179266498471553e-05
2.5378378378378383,3.999999941210762,-4.8227001422780405e-08,6.179266498470406e-05
2.547747747747748,3.999999940731866,-4.84230016711827e-08,6.17926649846925e-05
2.557657657657658,3.999999940251027,-4.8619001559545105e-08,6.179266498468083e-05
2.567567567567568,3.999999939768246,-4.88150010878684e-08,6.179266498466908e-05
2.577477477477478,3.9999999392835224,-4.9011000256153326e-08,6.17926649846572e-05
2.5873873873873876,3.999999938796857,-4.920699906440068e-08,6.179266498464528e-05
2.5972972972972976,3.9999999383082487,-4.9402997512611235e-08,6.179266498463323e-05
2.6072072072072077,3.9999999378176985,-4.9598995600785754e-08,6.179266498462109e-05
2.6171171171171177,3.9999999373252058,-4.979499332892504e-08,6.179266498460885e-05
2.6270270270270273,3.9999999368307706,-4.999099069702981e-08,6.17926649845965e-05
2.6369369369369373,3.999999936334393,-5.018698770510088e-08,6.179266498458406e-05
2.6468468468468473,3.9999999358360734,-5.038298435313901e-08,6.179266498457154e-05
2.656756756756757,3.9999999353358113,-5.057898064114498e-08,6.179266498455891e-05
2.666666666666667,3.9999999348336073,-5.077497656911955e-08,6.17926649845462e-05
2.676576576576577,3.9999999343294608,-5.09709721370635e-08,6.179266498453337e-05
2.686486486486487,3.999999933823372,-5.1166967344977604e-08,6.179266498452046e-05
2.6963963963963966,3.9999999333153404,-5.136296219286263e-08,6.179266498450742e-05
2.7063063063063066,3.999999932805367,-5.155895668071934e-08,6.17926649844943e-05
2.7162162162162167,3.999999932293451,-5.175495080854854e-08,6.179266498448108e-05
2.7261261261261267,3.9999999317795933,-5.195094457635099e-08,6.179266498446777e-05
2.7360360360360363,3.999999931263793,-5.2146937984127433e-08,6.179266498445434e-05
2.7459459459459463,3.9999999307460503,-5.2342931031878676e-08,6.179266498444081e-05
2.7558558558558564,3.9999999302263656,-5.2538923719605486e-08,6.179266498442719e-05
2.765765765765766,3.9999999297047384,-5.273491604730862e-08,6.179266498441345e-05
2.775675675675676,3.999999929181169,-5.2930908014988866e-08,6.179266498439964e-05
2.785585585585586,3.9999999286556576,-5.3126899622647e-08,6.17926649843857e-05
2.795495495495496,3.9999999281282035,-5.332289087028378e-08,6.179266498437165e-05
2.8054054054054056,3.9999999275988074,-5.351888175789997e-08,6.179266498435752e-05
2.8153153153153156,3.999999927067469,-5.3714872285496386e-08,6.179266498434327e-05
2.8252252252252257,3.9999999265341883,-5.3910862453073756e-08,6.179266498432892e-05
2.8351351351351357,3.9999999259989654,-5.4106852260632873e-08,6.179266498431449e-05
2.8450450450450453,3.9999999254618004,-5.430284170817451e-08,6.179266498429992e-05
2.8549549549549553,3.999999924922693,-5.4498830795699425e-08,6.179266498428525e-05
2.8648648648648654,3.9999999243816435,-5.469481952320843e-08,6.179266498427051e-05
2.8747747747747754,3.9999999238386517,-5.4890807890702247e-08,6.179266498425562e-05
2.884684684684685,3.9999999232937173,-5.5086795898181687e-08,6.179266498424063e-05
2.894594594594595,3.999999922746841,-5.5282783545647494e-08,6.179266498422554e-05
2.904504504504505,3.9999999221980227,-5.547877083310046e-08,6.179266498421035e-05
2.9144144144144146,3.999999921647262,-5.567475776054135e-08,6.179266498419505e-05
2.9243243243243247,3.999999921094559,-5.587074432797094e-08,6.179266498417964e-05
2.9342342342342347,3.999999920539914,-5.606673053539001e-08,6.179266498416411e-05
2.9441441441441447,3.9999999199833267,-5.626271638279933e-08,6.17926649841485e-05
2.9540540540540543,3.999999919424797,-5.6458701870199646e-08,6.179266498413273e-05
2.9639639639639643,3.9999999188643254,-5.665468699759178e-08,6.179266498411689e-05
2.9738738738738744,3.9999999183019113,-5.685067176497647e-08,6.179266498410093e-05
2.9837837837837844,3.999999917737555,-5.704665617235448e-08,6.179266498408487e-05
2.993693693693694,3.999999917171257,-5.72426402197266e-08,6.17926649840687e-05
3.003603603603604,3.9999999166030165,-5.7438623907093616e-08,6.17926649840524e-05
3.013513513513514,3.999999916032834,-5.763460723445629e-08,6.1792664984036e-05
3.0234234234234236,3.999999915460709,-5.783059020181537e-08,6.179266498401948e-05
3.0333333333333337,3.999999914886642,-5.8026572809171676e-08,6.179266498400285e-05
3.0432432432432437,3.999999914310633,-5.822255505652593e-08,6.179266498398612e-05
3.0531531531531537,3.9999999137326814,-5.841853694387896e-08,6.179266498396926e-05
3.0630630630630633,3.999999913152788,-5.861451847123148e-08,6.17926649839523e-05
3.0729729729729733,3.9999999125709524,-5.88104996385843e-08,6.179266498393522e-05
3.0828828828828834,3.9999999119871745,-5.90064804459382e-08,6.179266498391802e-05
3.0927927927927934,3.9999999114014546,-5.920246089329392e-08,6.179266498390072e-05
3.102702702702703,3.9999999108137927,-5.9398440980652244e-08,6.17926649838833e-05
3.112612612612613,3.9999999102241883,-5.959442070801398e-08,6.179266498386576e-05
3.122522522522523,3.999999909632642,-5.979040007537985e-08,6.179266498384812e-05
3.132432432432433,3.9999999090391536,-5.998637908275066e-08,6.179266498383034e-05
3.1423423423423427,3.9999999084437228,-6.018235773012715e-08,6.179266498381245e-05
3.1522522522522527,3.99999990784635,-6.037833601751013e-08,6.179266498379445e-05
3.1621621621621627,3.999999907247035,-6.057431394490037e-08,6.179266498377633e-05
3.1720720720720723,3.999999906645778,-6.077029151229861e-08,6.179266498375808e-05
3.1819819819819823,3.999999906042579,-6.096626871970566e-08,6.179266498373974e-05
3.1918918918918924,3.9999999054374378,-6.116224556712227e-08,6.179266498372127e-05
3.2018018018018024,3.999999904830354,-6.13582220545492e-08,6.179266498370266e-05
3.211711711711712,3.999999904221329,-6.155419818198724e-08,6.179266498368394e-05
3.221621621621622,3.999999903610361,-6.175017394943719e-08,6.17926649836651e-05
3.231531531531532,3.9999999029974513,-6.194614935689978e-08,6.179266498364616e-05
3.241441441441442,3.9999999023825996,-6.214212440437582e-08,6.179266498362709e-05
3.2513513513513517,3.999999901765806,-6.233809909186604e-08,6.17926649836079e-05
3.2612612612612617,3.9999999011470697,-6.253407341937124e-08,6.179266498358857e-05
3.2711711711711717,3.999999900526392,-6.27300473868922e-08,6.179266498356915e-05
3.2810810810810813,3.999999899903772,-6.292602099442966e-08,6.17926649835496e-05
3.2909909909909913,3.9999998992792096,-6.312199424198441e-08,6.179266498352992e-05
3.3009009009009014,3.999999898652705,-6.331796712955725e-08,6.17926649835101e-05
3.3108108108108114,3.999999898024259,-6.351393965714893e-08,6.179266498349018e-05
3.320720720720721,3.99999989739387,-6.370991182476019e-08,6.179266498347012e-05
3.330630630630631,3.99999989676154,-6.390588363239188e-08,6.179266498344997e-05
3.340540540540541,3.9999998961272674,-6.41018550800447e-08,6.179266498342966e-05
3.350450450450451,3.9999998954910527,-6.429782616771946e-08,6.179266498340925e-05
3.3603603603603607,3.999999894852896,-6.449379689541692e-08,6.17926649833887e-05
3.3702702702702707,3.9999998942127974,-6.468976726313785e-08,6.179266498336802e-05
3.3801801801801807,3.999999893570757,-6.488573727088304e-08,6.179266498334723e-05
3.3900900900900908,3.9999998929267737,-6.508170691865323e-08,6.179266498332629e-05
3.4000000000000004,3.999999892280849,-6.527767620644923e-08,6.179266498330527e-05
3.4099099099099104,3.999999891632982,-6.547364513427181e-08,6.179266498328408e-05
3.4198198198198204,3.9999998909831733,-6.566961370212171e-08,6.179266498326278e-05
3.42972972972973,3.9999998903314222,-6.586558190999973e-08,6.179266498324134e-05
3.43963963963964,3.999999889677729,-6.606154975790664e-08,6.179266498321978e-05
3.44954954954955,3.9999998890220945,-6.62575172458432e-08,6.179266498319811e-05
3.45945945945946,3.9999998883645174,-6.645348437381023e-08,6.179266498317629e-05
3.4693693693693697,3.9999998877049983,-6.664945114180841e-08,6.179266498315435e-05
3.4792792792792797,3.999999887043537,-6.684541754983859e-08,6.179266498313226e-05
3.4891891891891897,3.999999886380134,-6.704138359790152e-08,6.179266498311006e-05
3.4990990990990998,3.999999885714789,-6.723734928599798e-08,6.179266498308771e-05
3.5090090090090094,3.9999998850475023,-6.74333146141287e-08,6.179266498306527e-05
3.5189189189189194,3.999999884378273,-6.762927958229453e-08,6.179266498304268e-05
3.5288288288288294,3.999999883707102,-6.782524419049619e-08,6.179266498301995e-05
3.538738738738739,3.999999883033989,-6.802120843873445e-08,6.179266498299709e-05
3.548648648648649,3.999999882358934,-6.821717232701013e-08,6.179266498297409e-05
3.558558558558559,3.999999881681937,-6.841313585532394e-08,6.179266498295098e-05
3.568468468468469,3.999999881002998,-6.860909902367669e-08,6.179266498292771e-05
3.5783783783783787,3.9999998803221173,-6.880506183206914e-08,6.179266498290433e-05
3.5882882882882887,3.999999879639294,-6.900102428050207e-08,6.17926649828808e-05
3.5981981981981987,3.9999998789545295,-6.919698636897627e-08,6.179266498285716e-05
3.608108108108109,3.9999998782678223,-6.939294809749246e-08,6.179266498283336e-05
3.6180180180180184,3.9999998775791736,-6.958890946605145e-08,6.179266498280944e-05
3.6279279279279284,3.999999876888583,-6.978487047465404e-08,6.179266498278538e-05
3.6378378378378384,3.9999998761960502,-6.998083112330095e-08,6.179266498276118e-05
3.6477477477477485,3.9999998755015755,-7.0176791411993e-08,6.179266498273685e-05
3.657657657657658,3.999999874805159,-7.037275134073092e-08,6.179266498271238e-05
3.667567567567568,3.9999998741068,-7.056871090951548e-08,6.179266498268776e-05
3.677477477477478,3.9999998734065,-7.076467011834752e-08,6.179266498266303e-05
3.6873873873873877,3.999999872704257,-7.096062896722773e-08,6.179266498263815e-05
3.6972972972972977,3.999999872000073,-7.11565874561569e-08,6.179266498261313e-05
3.7072072072072078,3.9999998712939466,-7.135254558513587e-08,6.179266498258798e-05
3.717117117117118,3.9999998705858784,-7.154850335416536e-08,6.179266498256269e-05
3.7270270270270274,3.999999869875868,-7.17444607632461e-08,6.179266498253724e-05
3.7369369369369374,3.9999998691639163,-7.194041781237896e-08,6.179266498251168e-05
3.7468468468468474,3.9999998684500224,-7.213637450156464e-08,6.179266498248598e-05
3.7567567567567575,3.999999867734186,-7.233233083080395e-08,6.17926649824601e-05
3.766666666666667,3.9999998670164087,-7.252828680009764e-08,6.179266498243413e-05
3.776576576576577,3.999999866296689,-7.272424240944649e-08,6.179266498240799e-05
3.786486486486487,3.999999865575027,-7.292019765885128e-08,6.17926649823817e-05
3.7963963963963967,3.9999998648514237,-7.311615254831276e-08,6.17926649823553e-05
3.8063063063063067,3.9999998641258783,-7.331210707783175e-08,6.179266498232873e-05
3.8162162162162168,3.999999863398391,-7.350806124740899e-08,6.179266498230202e-05
3.826126126126127,3.999999862668962,-7.370401505704522e-08,6.17926649822752e-05
3.8360360360360364,3.999999861937591,-7.389996850674126e-08,6.179266498224822e-05
3.8459459459459464,3.999999861204278,-7.40959215964979e-08,6.179266498222108e-05
3.8558558558558564,3.999999860469023,-7.429187432631586e-08,6.17926649821938e-05
3.8657657657657665,3.9999998597318265,-7.448782669619596e-08,6.179266498216639e-05
3.875675675675676,3.999999858992688,-7.468377870613891e-08,6.179266498213883e-05
3.885585585585586,3.9999998582516074,-7.487973035614554e-08,6.179266498211112e-05
3.895495495495496,3.9999998575085853,-7.507568164621663e-08,6.179266498208327e-05
3.9054054054054057,3.999999856763621,-7.52716325763529e-08,6.179266498205524e-05
3.9153153153153157,3.999999856016715,-7.546758314655516e-08,6.179266498202712e-05
3.9252252252252258,3.999999855267867,-7.566353335682418e-08,6.179266498199882e-05
3.935135135135136,3.9999998545170774,-7.585948320716071e-08,6.179266498197039e-05
3.9450450450450454,3.9999998537643457,-7.605543269756555e-08,6.179266498194179e-05
3.9549549549549554,3.9999998530096725,-7.625138182803947e-08,6.179266498191307e-05
3.9648648648648654,3.9999998522530573,-7.644733059858322e-08,6.179266498188418e-05
3.9747747747747755,3.9999998514945005,-7.66432790091976e-08,6.179266498185516e-05
3.984684684684685,3.9999998507340013,-7.683922705988336e-08,6.179266498182596e-05
3.994594594594595,3.9999998499715606,-7.70351747506413e-08,6.179266498179663e-05
4.004504504504505,3.999999849207178,-7.723112208147216e-08,6.179266498176717e-05
4.014414414414415,3.999999848440854,-7.742706905237673e-08,6.179266498173753e-05
4.024324324324325,3.999999847672588,-7.762301566335578e-08,6.179266498170778e-05
4.034234234234234,3.9999998469023796,-7.78189619144101e-08,6.179266498167783e-05
4.044144144144145,3.99999984613023,-7.801490780554044e-08,6.179266498164777e-05
4.054054054054054,3.9999998453561383,-7.821085333674758e-08,6.179266498161751e-05
4.063963963963964,3.9999998445801053,-7.840679850803229e-08,6.179266498158715e-05
4.0738738738738745,3.99999984380213,-7.860274331939535e-08,6.17926649815566e-05
4.083783783783784,3.999999843022213,-7.879868777083752e-08,6.17926649815259e-05
4.093693693693694,3.999999842240354,-7.899463186235958e-08,6.179266498149507e-05
4.103603603603604,3.9999998414565536,-7.919057559396232e-08,6.179266498146408e-05
4.113513513513514,3.9999998406708115,-7.938651896564648e-08,6.179266498143294e-05
4.123423423423423,3.9999998398831274,-7.958246197741287e-08,6.179266498140164e-05
4.133333333333334,3.999999839093501,-7.977840462926224e-08,6.179266498137017e-05
4.143243243243243,3.9999998383019335,-7.997434692119535e-08,6.179266498133856e-05
4.153153153153153,3.9999998375084242,-8.017028885321299e-08,6.179266498130679e-05
4.163063063063063,3.999999836712973,-8.036623042531595e-08,6.179266498127487e-05
4.172972972972973,3.99999983591558,-8.056217163750498e-08,6.17926649812428e-05
4.182882882882883,3.9999998351162454,-8.075811248978084e-08,6.179266498121055e-05
4.192792792792793,3.999999834314969,-8.095405298214433e-08,6.179266498117816e-05
4.202702702702703,3.9999998335117506,-8.114999311459621e-08,6.17926649811456e-05
4.212612612612613,3.9999998327065907,-8.134593288713728e-08,6.17926649811129e-05
4.222522522522523,3.999999831899489,-8.154187229976824e-08,6.179266498108006e-05
4.232432432432432,3.9999998310904457,-8.173781135248995e-08,6.179266498104701e-05
4.242342342342343,3.9999998302794606,-8.193375004530314e-08,6.179266498101385e-05
4.252252252252252,3.9999998294665335,-8.212968837820856e-08,6.17926649809805e-05
4.262162162162162,3.999999828651665,-8.232562635120703e-08,6.1792664980947e-05
4.272072072072072,3.9999998278348547,-8.252156396429932e-08,6.179266498091335e-05
4.281981981981982,3.9999998270161026,-8.271750121748614e-08,6.179266498087953e-05
4.291891891891892,3.999999826195409,-8.291343811076833e-08,6.179266498084554e-05
4.301801801801802,3.999999825372773,-8.310937464414667e-08,6.179266498081139e-05
4.311711711711712,3.999999824548196,-8.330531081762186e-08,6.179266498077709e-05
4.321621621621622,3.999999823721677,-8.350124663119476e-08,6.179266498074262e-05
4.331531531531532,3.999999822893216,-8.369718208486607e-08,6.179266498070798e-05
4.341441441441441,3.999999822062814,-8.389311717863657e-08,6.179266498067322e-05
4.351351351351352,3.9999998212304697,-8.408905191250709e-08,6.179266498063824e-05
4.361261261261261,3.999999820396184,-8.428498628647835e-08,6.179266498060314e-05
4.371171171171171,3.9999998195599566,-8.448092030055114e-08,6.179266498056786e-05
4.381081081081081,3.9999998187217876,-8.467685395472626e-08,6.179266498053241e-05
4.390990990990991,3.999999817881677,-8.487278724900442e-08,6.179266498049681e-05
4.4009009009009015,3.9999998170396243,-8.506872018338648e-08,6.179266498046102e-05
4.410810810810811,3.99999981619563,-8.526465275787312e-08,6.179266498042509e-05
4.420720720720721,3.9999998153496943,-8.546058497246515e-08,6.179266498038898e-05
4.430630630630631,3.999999814501817,-8.565651682716337e-08,6.179266498035273e-05
4.440540540540541,3.9999998136519976,-8.585244832196852e-08,6.179266498031628e-05
4.45045045045045,3.9999998128002368,-8.604837945688137e-08,6.179266498027967e-05
4.460360360360361,3.9999998119465343,-8.624431023190272e-08,6.179266498024292e-05
4.47027027027027,3.9999998110908903,-8.644024064703332e-08,6.179266498020597e-05
4.48018018018018,3.9999998102333043,-8.663617070227396e-08,6.179266498016886e-05
4.49009009009009,3.999999809373777,-8.683210039762541e-08,6.179266498013161e-05
4.5,3.999999808512308,-8.702802973308844e-08,6.179266498009416e-05
4.5099099099099105,3.9999998076488974,-8.722395870866381e-08,6.179266498005655e-05
4.51981981981982,3.9999998067835447,-8.741988732435229e-08,6.179266498001874e-05
4.52972972972973,3.999999805916251,-8.761581558015469e-08,6.179266497998081e-05
4.53963963963964,3.999999805047015,-8.781174347607174e-08,6.179266497994269e-05
4.54954954954955,3.9999998041758382,-8.800767101210423e-08,6.179266497990441e-05
4.559459459459459,3.9999998033027193,-8.820359818825294e-08,6.179266497986595e-05
4.56936936936937,3.999999802427659,-8.839952500451865e-08,6.179266497982731e-05
4.579279279279279,3.9999998015506564,-8.85954514609021e-08,6.179266497978849e-05
4.589189189189189,3.999999800671713,-8.87913775574041e-08,6.179266497974952e-05
4.599099099099099,3.9999997997908276,-8.898730329402539e-08,6.179266497971038e-05
4.609009009009009,3.9999997989080005,-8.918322867076676e-08,6.179266497967105e-05
4.6189189189189195,3.9999997980232322,-8.9379153687629e-08,6.179266497963157e-05
4.628828828828829,3.999999797136522,-8.957507834461285e-08,6.179266497959189e-05
4.638738738738739,3.99999979624787,-8.977100264171908e-08,6.179266497955205e-05
4.648648648648649,3.999999795357277,-8.996692657894851e-08,6.179266497951201e-05
4.658558558558559,3.999999794464742,-9.016285015630185e-08,6.179266497947183e-05
4.668468468468468,3.9999997935702654,-9.035877337377992e-08,6.179266497943147e-05
4.678378378378379,3.9999997926738473,-9.05546962313835e-08,6.179266497939092e-05
4.688288288288288,3.9999997917754877,-9.075061872911329e-08,6.179266497935021e-05
4.698198198198198,3.9999997908751865,-9.094654086697014e-08,6.179266497930932e-05
4.708108108108108,3.999999789972944,-9.114246264495482e-08,6.179266497926826e-05
4.718018018018018,3.9999997890687595,-9.133838406306805e-08,6.1792664979227e-05
4.7279279279279285,3.9999997881626337,-9.153430512131065e-08,6.179266497918557e-05
4.737837837837838,3.9999997872545663,-9.173022581968336e-08,6.179266497914398e-05
4.747747747747748,3.9999997863445573,-9.192614615818696e-08,6.179266497910221e-05
4.757657657657658,3.9999997854326064,-9.212206613682226e-08,6.179266497906023e-05
4.767567567567568,3.9999997845187143,-9.231798575558998e-08,6.179266497901809e-05
4.777477477477477,3.9999997836028807,-9.251390501449092e-08,6.179266497897578e-05
4.787387387387388,3.9999997826851055,-9.270982391352586e-08,6.179266497893328e-05
4.797297297297297,3.9999997817653887,-9.290574245269553e-08,6.17926649788906e-05
4.807207207207207,3.9999997808437304,-9.310166063200075e-08,6.179266497884775e-05
4.817117117117117,3.999999779920131,-9.329757845144231e-08,6.179266497880473e-05
4.827027027027027,3.9999997789945896,-9.349349591102091e-08,6.17926649787615e-05
4.8369369369369375,3.9999997780671066,-9.368941301073738e-08,6.17926649787181e-05
4.846846846846847,3.999999777137682,-9.388532975059246e-08,6.179266497867451e-05
4.856756756756757,3.9999997762063164,-9.408124613058695e-08,6.179266497863076e-05
4.866666666666667,3.9999997752730088,-9.427716215072162e-08,6.17926649785868e-05
4.876576576576577,3.99999977433776,-9.447307781099722e-08,6.179266497854267e-05
4.886486486486486,3.9999997734005697,-9.466899311141452e-08,6.179266497849837e-05
4.896396396396397,3.999999772461438,-9.486490805197433e-08,6.179266497845386e-05
4.906306306306306,3.9999997715203643,-9.506082263267741e-08,6.179266497840918e-05
4.916216216216217,3.9999997705773493,-9.525673685352453e-08,6.179266497836432e-05
4.926126126126126,3.9999997696323932,-9.545265071451644e-08,6.179266497831927e-05
4.936036036036036,3.999999768685495,-9.564856421565392e-08,6.179266497827402e-05
4.9459459459459465,3.999999767736656,-9.584447735693778e-08,6.17926649782286e-05
4.955855855855856,3.999999766785875,-9.604039013836876e-08,6.1792664978183e-05
4.965765765765766,3.9999997658331528,-9.623630255994763e-08,6.179266497813719e-05
4.975675675675676,3.999999764878489,-9.64322146216752e-08,6.179266497809122e-05
4.985585585585586,3.9999997639218834,-9.662812632355218e-08,6.179266497804503e-05
4.995495495495495,3.999999762963337,-9.68240376655794e-08,6.179266497799868e-05
5.005405405405406,3.9999997620028487,-9.701994864775761e-08,6.179266497795215e-05
5.015315315315315,3.999999761040419,-9.721585927008757e-08,6.179266497790542e-05
5.025225225225226,3.9999997600760477,-9.741176953257008e-08,6.179266497785848e-05
5.035135135135135,3.9999997591097354,-9.760767943520588e-08,6.179266497781138e-05
5.045045045045045,3.9999997581414815,-9.780358897799578e-08,6.179266497776409e-05
5.0549549549549555,3.999999757171286,-9.799949816094053e-08,6.17926649777166e-05
5.064864864864865,3.999999756199149,-9.81954069840409e-08,6.179266497766891e-05
5.074774774774775,3.999999755225071,-9.839131544729765e-08,6.179266497762104e-05
5.084684684684685,3.999999754249051,-9.858722355071164e-08,6.179266497757299e-05
5.094594594594595,3.99999975327109,-9.878313129428351e-08,6.179266497752473e-05
5.104504504504504,3.999999752291187,-9.897903867801411e-08,6.179266497747628e-05
5.114414414414415,3.999999751309343,-9.917494570190424e-08,6.179266497742764e-05
5.124324324324324,3.9999997503255575,-9.937085236595459e-08,6.17926649773788e-05
5.134234234234235,3.999999749339831,-9.956675867016603e-08,6.17926649773298e-05
5.1441441441441444,3.9999997483521623,-9.976266461453923e-08,6.179266497728056e-05
5.154054054054054,3.9999997473625526,-9.995857019907502e-08,6.179266497723115e-05
5.1639639639639645,3.9999997463710018,-1.0015447542377418e-07,6.179266497718156e-05
5.173873873873874,3.9999997453775094,-1.0035038028863747e-07,6.179266497713177e-05
5.183783783783784,3.9999997443820754,-1.0054628479366565e-07,6.179266497708178e-05
5.193693693693694,3.9999997433847,-1.0074218893885951e-07,6.179266497703156e-05
5.203603603603604,3.9999997423853833,-1.0093809272421982e-07,6.179266497698119e-05
5.213513513513513,3.999999741384125,-1.0113399614974733e-07,6.17926649769306e-05
5.223423423423424,3.9999997403809258,-1.0132989921544287e-07,6.179266497687983e-05
5.233333333333333,3.999999739375785,-1.0152580192130713e-07,6.179266497682886e-05
5.243243243243244,3.999999738368703,-1.0172170426734096e-07,6.17926649767777e-05
5.2531531531531535,3.999999737359679,-1.019176062535451e-07,6.179266497672632e-05
5.263063063063063,3.9999997363487143,-1.0211350787992032e-07,6.179266497667477e-05
5.2729729729729735,3.9999997353358077,-1.0230940914646738e-07,6.179266497662298e-05
5.282882882882883,3.9999997343209603,-1.025053100531871e-07,6.179266497657105e-05
5.292792792792793,3.999999733304171,-1.0270121060008018e-07,6.179266497651887e-05
5.302702702702703,3.9999997322854406,-1.0289711078714747e-07,6.17926649764665e-05
5.312612612612613,3.999999731264769,-1.030930106143897e-07,6.179266497641396e-05
5.322522522522522,3.999999730242156,-1.0328891008180763e-07,6.179266497636119e-05
5.332432432432433,3.9999997292176013,-1.0348480918940208e-07,6.179266497630821e-05
5.342342342342342,3.9999997281911055,-1.0368070793717379e-07,6.179266497625506e-05
5.352252252252253,3.9999997271626686,-1.0387660632512355e-07,6.17926649762017e-05
5.3621621621621625,3.99999972613229,-1.0407250435325211e-07,6.179266497614814e-05
5.372072072072072,3.99999972509997,-1.0426840202156024e-07,6.179266497609435e-05
5.3819819819819825,3.9999997240657095,-1.0446429933004874e-07,6.179266497604041e-05
5.391891891891892,3.999999723029507,-1.0466019627871836e-07,6.179266497598623e-05
5.401801801801802,3.999999721991363,-1.048560928675699e-07,6.179266497593184e-05
5.411711711711712,3.999999720951278,-1.0505198909660413e-07,6.179266497587728e-05
5.421621621621622,3.9999997199092516,-1.0524788496582177e-07,6.179266497582249e-05
5.431531531531531,3.999999718865284,-1.0544378047522365e-07,6.17926649757675e-05
5.441441441441442,3.999999717819375,-1.0563967562481054e-07,6.17926649757123e-05
5.451351351351351,3.9999997167715247,-1.0583557041458317e-07,6.179266497565692e-05
5.461261261261262,3.999999715721733,-1.0603146484454237e-07,6.17926649756013e-05
5.4711711711711715,3.9999997146700004,-1.0622735891468886e-07,6.179266497554551e-05
5.481081081081081,3.999999713616326,-1.0642325262502343e-07,6.179266497548948e-05
5.4909909909909915,3.9999997125607107,-1.0661914597554688e-07,6.179266497543329e-05
5.500900900900901,3.9999997115031536,-1.0681503896625995e-07,6.179266497537683e-05
5.510810810810811,3.9999997104436558,-1.0701093159716341e-07,6.17926649753202e-05
5.520720720720721,3.9999997093822164,-1.0720682386825809e-07,6.179266497526335e-05
5.530630630630631,3.999999708318836,-1.0740271577954468e-07,6.179266497520631e-05
5.540540540540541,3.999999707253514,-1.0759860733102401e-07,6.179266497514904e-05
5.550450450450451,3.999999706186251,-1.0779449852269683e-07,6.179266497509159e-05
5.56036036036036,3.9999997051170464,-1.0799038935456391e-07,6.179266497503388e-05
5.570270270270271,3.999999704045901,-1.0818627982662605e-07,6.179266497497601e-05
5.5801801801801805,3.999999702972814,-1.0838216993888398e-07,6.179266497491792e-05
5.59009009009009,3.999999701897786,-1.0857805969133851e-07,6.179266497485961e-05
5.6000000000000005,3.9999997008208164,-1.0877394908399042e-07,6.179266497480107e-05
5.60990990990991,3.999999699741906,-1.0896983811684044e-07,6.179266497474236e-05
5.61981981981982,3.9999996986610538,-1.0916572678988935e-07,6.17926649746834e-05
5.62972972972973,3.999999697578261,-1.0936161510313795e-07,6.179266497462425e-05
5.63963963963964,3.9999996964935267,-1.09557503056587e-07,6.179266497456491e-05
5.64954954954955,3.999999695406851,-1.0975339065023728e-07,6.179266497450532e-05
5.65945945945946,3.9999996943182343,-1.0994927788408958e-07,6.179266497444554e-05
5.669369369369369,3.999999693227676,-1.1014516475814462e-07,6.179266497438551e-05
5.67927927927928,3.999999692135177,-1.1034105127240321e-07,6.17926649743253e-05
5.6891891891891895,3.9999996910407365,-1.105369374268661e-07,6.179266497426487e-05
5.699099099099099,3.999999689944355,-1.1073282322153408e-07,6.179266497420422e-05
5.7090090090090095,3.9999996888460316,-1.1092870865640794e-07,6.179266497414334e-05
5.718918918918919,3.9999996877457678,-1.1112459373148842e-07,6.179266497408228e-05
5.728828828828829,3.9999996866435623,-1.113204784467763e-07,6.179266497402098e-05
5.738738738738739,3.9999996855394158,-1.1151636280227237e-07,6.179266497395946e-05
5.748648648648649,3.999999684433328,-1.1171224679797741e-07,6.179266497389773e-05
5.758558558558559,3.9999996833252993,-1.1190813043389214e-07,6.17926649738358e-05
5.768468468468469,3.9999996822153294,-1.1210401371001738e-07,6.179266497377364e-05
5.778378378378378,3.999999681103418,-1.1229989662635389e-07,6.179266497371126e-05
5.788288288288289,3.999999679989566,-1.1249577918290245e-07,6.179266497364868e-05
5.7981981981981985,3.999999678873772,-1.1269166137966382e-07,6.179266497358586e-05
5.808108108108108,3.9999996777560374,-1.1288754321663877e-07,6.179266497352283e-05
5.8180180180180185,3.9999996766363615,-1.1308342469382811e-07,6.179266497345958e-05
5.827927927927928,3.999999675514744,-1.1327930581123254e-07,6.179266497339608e-05
5.837837837837838,3.999999674391186,-1.1347518656885292e-07,6.17926649733324e-05
5.847747747747748,3.9999996732656866,-1.1367106696668997e-07,6.179266497326849e-05
5.857657657657658,3.999999672138246,-1.1386694700474445e-07,6.179266497320434e-05
5.867567567567568,3.9999996710088643,-1.1406282668301718e-07,6.179266497314001e-05
5.877477477477478,3.9999996698775413,-1.142587060015089e-07,6.179266497307543e-05
5.887387387387387,3.999999668744277,-1.1445458496022037e-07,6.179266497301062e-05
5.897297297297298,3.999999667609072,-1.1465046355915242e-07,6.179266497294561e-05
5.9072072072072075,3.9999996664719255,-1.1484634179830576e-07,6.179266497288036e-05
5.917117117117117,3.9999996653328385,-1.1504221967768118e-07,6.179266497281491e-05
5.9270270270270276,3.99999966419181,-1.1523809719727949e-07,6.179266497274922e-05
5.936936936936937,3.99999966304884,-1.1543397435710144e-07,6.179266497268332e-05
5.946846846846847,3.9999996619039293,-1.1562985115714777e-07,6.179266497261718e-05
5.956756756756757,3.9999996607570774,-1.1582572759741932e-07,6.179266497255081e-05
5.966666666666667,3.9999996596082843,-1.1602160367791679e-07,6.179266497248423e-05
5.976576576576577,3.99999965845755,-1.16217479398641e-07,6.179266497241742e-05
5.986486486486487,3.999999657304875,-1.164133547595927e-07,6.179266497235038e-05
5.996396396396396,3.9999996561502584,-1.1660922976077267e-07,6.179266497228311e-05
6.006306306306307,3.999999654993701,-1.1680510440218169e-07,6.179266497221563e-05
6.0162162162162165,3.9999996538352023,-1.1700097868382051e-07,6.179266497214791e-05
6.026126126126126,3.9999996526747625,-1.1719685260568996e-07,6.179266497207997e-05
6.036036036036037,3.9999996515123817,-1.1739272616779076e-07,6.17926649720118e-05
6.045945945945946,3.9999996503480597,-1.175885993701237e-07,6.17926649719434e-05
6.055855855855857,3.999999649181797,-1.1778447221268955e-07,6.179266497187479e-05
6.065765765765766,3.999999648013593,-1.1798034469548906e-07,6.179266497180591e-05
6.075675675675676,3.9999996468434476,-1.1817621681852301e-07,6.179266497173683e-05
6.085585585585586,3.9999996456713616,-1.1837208858179223e-07,6.179266497166753e-05
6.095495495495496,3.9999996444973345,-1.1856795998529742e-07,6.179266497159799e-05
6.105405405405405,3.999999643321366,-1.1876383102903939e-07,6.17926649715282e-05
6.115315315315316,3.9999996421434565,-1.1895970171301893e-07,6.17926649714582e-05
6.1252252252252255,3.999999640963606,-1.1915557203723678e-07,6.179266497138795e-05
6.135135135135135,3.9999996397818145,-1.193514420016937e-07,6.179266497131749e-05
6.145045045045046,3.9999996385980823,-1.1954731160639048e-07,6.179266497124682e-05
6.154954954954955,3.9999996374124085,-1.1974318085132791e-07,6.179266497117587e-05
6.164864864864866,3.999999636224794,-1.1993904973650679e-07,6.179266497110473e-05
6.174774774774775,3.999999635035238,-1.2013491826192776e-07,6.179266497103331e-05
6.184684684684685,3.9999996338437414,-1.2033078642759175e-07,6.179266497096168e-05
6.194594594594595,3.9999996326503036,-1.2052665423349947e-07,6.179266497088982e-05
6.204504504504505,3.999999631454925,-1.207225216796517e-07,6.179266497081774e-05
6.2144144144144144,3.999999630257605,-1.209183887660492e-07,6.179266497074541e-05
6.224324324324325,3.9999996290583444,-1.211142554926927e-07,6.179266497067285e-05
6.2342342342342345,3.9999996278571426,-1.2131012185958307e-07,6.179266497060005e-05
6.244144144144144,3.9999996266539997,-1.21505987866721e-07,6.179266497052701e-05
6.254054054054055,3.9999996254489156,-1.2170185351410732e-07,6.179266497045374e-05
6.263963963963964,3.999999624241891,-1.2189771880174274e-07,6.179266497038024e-05
6.273873873873875,3.9999996230329247,-1.2209358372962812e-07,6.179266497030647e-05
6.283783783783784,3.9999996218220177,-1.2228944829776414e-07,6.179266497023249e-05
6.293693693693694,3.99999962060917,-1.2248531250615165e-07,6.179266497015829e-05
6.303603603603604,3.999999619394381,-1.226811763547914e-07,6.179266497008382e-05
6.313513513513514,3.999999618177651,-1.228770398436841e-07,6.179266497000913e-05
6.3234234234234235,3.99999961695898,-1.230729029728306e-07,6.17926649699342e-05
6.333333333333334,3.9999996157383686,-1.2326876574223166e-07,6.179266496985904e-05
6.3432432432432435,3.9999996145158154,-1.2346462815188804e-07,6.17926649697836e-05
6.353153153153153,3.999999613291322,-1.2366049020180048e-07,6.179266496970798e-05
6.363063063063064,3.999999612064887,-1.2385635189196984e-07,6.179266496963209e-05
6.372972972972973,3.9999996108365115,-1.240522132223968e-07,6.179266496955596e-05
6.382882882882884,3.9999996096061947,-1.2424807419308219e-07,6.179266496947958e-05
6.392792792792793,3.999999608373937,-1.2444393480402678e-07,6.179266496940297e-05
6.402702702702703,3.9999996071397383,-1.246397950552313e-07,6.179266496932611e-05
6.412612612612613,3.9999996059035987,-1.2483565494669655e-07,6.179266496924902e-05
6.422522522522523,3.999999604665518,-1.250315144784233e-07,6.179266496917168e-05
6.4324324324324325,3.9999996034254965,-1.2522737365041232e-07,6.179266496909409e-05
6.442342342342343,3.999999602183534,-1.2542323246266442e-07,6.179266496901626e-05
6.4522522522522525,3.999999600939631,-1.256190909151803e-07,6.179266496893821e-05
6.462162162162162,3.9999995996937865,-1.258149490079608e-07,6.17926649688599e-05
6.472072072072073,3.999999598446001,-1.2601080674100667e-07,6.179266496878134e-05
6.481981981981982,3.999999597196275,-1.262066641143187e-07,6.179266496870253e-05
6.491891891891893,3.9999995959446077,-1.2640252112789761e-07,6.17926649686235e-05
6.501801801801802,3.999999594691,-1.2659837778174423e-07,6.179266496854421e-05
6.511711711711712,3.999999593435451,-1.2679423407585928e-07,6.179266496846467e-05
6.521621621621622,3.9999995921779607,-1.2699009001024358e-07,6.179266496838487e-05
6.531531531531532,3.99999959091853,-1.2718594558489787e-07,6.179266496830485e-05
6.5414414414414415,3.999999589657158,-1.2738180079982294e-07,6.179266496822456e-05
6.551351351351352,3.9999995883938455,-1.2757765565501955e-07,6.179266496814405e-05
6.5612612612612615,3.9999995871285923,-1.2777351015048852e-07,6.179266496806329e-05
6.571171171171171,3.999999585861398,-1.2796936428623056e-07,6.179266496798227e-05
6.581081081081082,3.9999995845922625,-1.2816521806224647e-07,6.1792664967901e-05
6.590990990990991,3.9999995833211863,-1.2836107147853702e-07,6.179266496781948e-05
6.600900900900902,3.999999582048169,-1.28556924535103e-07,6.179266496773771e-05
6.610810810810811,3.999999580773211,-1.2875277723194515e-07,6.17926649676557e-05
6.620720720720721,3.999999579496312,-1.2894862956906424e-07,6.179266496757343e-05
6.630630630630631,3.9999995782174724,-1.2914448154646111e-07,6.179266496749091e-05
6.640540540540541,3.999999576936692,-1.2934033316413647e-07,6.179266496740816e-05
6.6504504504504505,3.9999995756539706,-1.2953618442209106e-07,6.179266496732515e-05
6.660360360360361,3.999999574369308,-1.2973203532032574e-07,6.179266496724187e-05
6.6702702702702705,3.9999995730827047,-1.2992788585884125e-07,6.179266496715834e-05
6.680180180180181,3.9999995717941608,-1.3012373603763836e-07,6.179266496707458e-05
6.690090090090091,3.9999995705036757,-1.3031958585671784e-07,6.179266496699054e-05
6.7,3.99999956921125,-1.3051543531608042e-07,6.179266496690627e-05
6.709909909909911,3.9999995679168836,-1.3071128441572696e-07,6.179266496682175e-05
6.71981981981982,3.999999566620576,-1.3090713315565816e-07,6.179266496673697e-05
6.72972972972973,3.9999995653223275,-1.3110298153587483e-07,6.179266496665191e-05
6.73963963963964,3.9999995640221386,-1.3129882955637773e-07,6.179266496656663e-05
6.74954954954955,3.9999995627200087,-1.3149467721716765e-07,6.179266496648108e-05
6.7594594594594595,3.9999995614159376,-1.3169052451824533e-07,6.179266496639527e-05
6.76936936936937,3.9999995601099263,-1.3188637145961158e-07,6.179266496630922e-05
6.7792792792792795,3.9999995588019734,-1.3208221804126716e-07,6.17926649662229e-05
6.78918918918919,3.9999995574920804,-1.3227806426321282e-07,6.179266496613633e-05
6.7990990990991,3.999999556180246,-1.3247391012544933e-07,6.17926649660495e-05
6.809009009009009,3.9999995548664713,-1.3266975562797752e-07,6.179266496596243e-05
6.81891891891892,3.9999995535507558,-1.328656007707981e-07,6.17926649658751e-05
6.828828828828829,3.999999552233099,-1.3306144555391188e-07,6.179266496578749e-05
6.838738738738739,3.999999550913502,-1.3325728997731961e-07,6.179266496569962e-05
6.848648648648649,3.9999995495919634,-1.3345313404102213e-07,6.17926649656115e-05
6.858558558558559,3.9999995482684847,-1.336489777450201e-07,6.179266496552314e-05
6.8684684684684685,3.999999546943065,-1.3384482108931433e-07,6.179266496543449e-05
6.878378378378379,3.9999995456157045,-1.3404066407390566e-07,6.17926649653456e-05
6.8882882882882885,3.999999544286403,-1.342365066987948e-07,6.179266496525642e-05
6.898198198198199,3.999999542955161,-1.3443234896398254e-07,6.179266496516703e-05
6.908108108108109,3.9999995416219782,-1.3462819086946964e-07,6.179266496507735e-05
6.918018018018018,3.9999995402868547,-1.3482403241525687e-07,6.179266496498742e-05
6.927927927927929,3.99999953894979,-1.3501987360134508e-07,6.17926649648972e-05
6.937837837837838,3.999999537610785,-1.3521571442773494e-07,6.179266496480675e-05
6.947747747747748,3.999999536269839,-1.3541155489442724e-07,6.179266496471603e-05
6.957657657657658,3.9999995349269524,-1.356073950014228e-07,6.179266496462505e-05
6.967567567567568,3.999999533582125,-1.3580323474872235e-07,6.17926649645338e-05
6.9774774774774775,3.9999995322353565,-1.359990741363267e-07,6.179266496444227e-05
6.987387387387388,3.999999530886648,-1.361949131642366e-07,6.17926649643505e-05
6.9972972972972975,3.999999529535998,-1.3639075183245283e-07,6.179266496425846e-05
7.007207207207208,3.9999995281834075,-1.3658659014097617e-07,6.179266496416615e-05
7.017117117117118,3.9999995268288764,-1.3678242808980736e-07,6.179266496407357e-05
7.027027027027027,3.9999995254724046,-1.369782656789472e-07,6.179266496398075e-05
7.036936936936938,3.999999524113992,-1.3717410290839647e-07,6.179266496388764e-05
7.046846846846847,3.9999995227536385,-1.3736993977815592e-07,6.179266496379427e-05
7.056756756756757,3.9999995213913446,-1.3756577628822632e-07,6.179266496370063e-05
7.066666666666667,3.9999995200271097,-1.3776161243860847e-07,6.179266496360673e-05
7.076576576576577,3.999999518660934,-1.3795744822930313e-07,6.179266496351255e-05
7.0864864864864865,3.9999995172928178,-1.3815328366031102e-07,6.179266496341812e-05
7.096396396396397,3.999999515922761,-1.3834911873163304e-07,6.179266496332341e-05
7.1063063063063066,3.999999514550763,-1.3854495344326985e-07,6.179266496322844e-05
7.116216216216217,3.999999513176825,-1.3874078779522228e-07,6.17926649631332e-05
7.126126126126127,3.999999511800946,-1.3893662178749108e-07,6.179266496303768e-05
7.136036036036036,3.999999510423126,-1.3913245542007703e-07,6.179266496294188e-05
7.145945945945947,3.9999995090433655,-1.393282886929809e-07,6.179266496284585e-05
7.155855855855856,3.9999995076616646,-1.3952412160620342e-07,6.179266496274953e-05
7.165765765765766,3.9999995062780225,-1.3971995415974544e-07,6.179266496265293e-05
7.175675675675676,3.99999950489244,-1.3991578635360768e-07,6.179266496255607e-05
7.185585585585586,3.9999995035049167,-1.401116181877909e-07,6.179266496245891e-05
7.195495495495496,3.999999502115453,-1.4030744966229602e-07,6.179266496236151e-05
7.205405405405406,3.9999995007240488,-1.405032807771236e-07,6.179266496226385e-05
7.215315315315316,3.9999994993307033,-1.406991115322745e-07,6.179266496216589e-05
7.225225225225226,3.9999994979354176,-1.4089494192774954e-07,6.179266496206768e-05
7.235135135135136,3.999999496538191,-1.4109077196354944e-07,6.179266496196915e-05
7.245045045045045,3.999999495139024,-1.4128660163967496e-07,6.179266496187039e-05
7.254954954954956,3.9999994937379157,-1.4148243095612697e-07,6.179266496177132e-05
7.264864864864865,3.9999994923348674,-1.416782599129061e-07,6.179266496167201e-05
7.274774774774775,3.9999994909298784,-1.418740885100132e-07,6.179266496157241e-05
7.284684684684685,3.9999994895229487,-1.4206991674744912e-07,6.179266496147256e-05
7.294594594594595,3.9999994881140783,-1.4226574462521446e-07,6.17926649613724e-05
7.304504504504505,3.9999994867032673,-1.4246157214331014e-07,6.179266496127198e-05
7.314414414414415,3.9999994852905156,-1.4265739930173688e-07,6.179266496117127e-05
7.324324324324325,3.9999994838758233,-1.428532261004954e-07,6.179266496107029e-05
7.334234234234235,3.9999994824591902,-1.4304905253958654e-07,6.179266496096904e-05
7.344144144144145,3.9999994810406165,-1.4324487861901109e-07,6.179266496086749e-05
7.354054054054054,3.9999994796201026,-1.434407043387697e-07,6.17926649607657e-05
7.363963963963965,3.999999478197648,-1.4363652969886332e-07,6.17926649606636e-05
7.373873873873874,3.9999994767732523,-1.438323546992926e-07,6.179266496056123e-05
7.383783783783784,3.9999994753469164,-1.4402817934005833e-07,6.179266496045858e-05
7.393693693693694,3.9999994739186397,-1.4422400362116136e-07,6.179266496035565e-05
7.403603603603604,3.9999994724884225,-1.4441982754260234e-07,6.179266496025245e-05
7.413513513513514,3.999999471056265,-1.4461565110438213e-07,6.179266496014898e-05
7.423423423423424,3.9999994696221663,-1.4481147430650145e-07,6.179266496004519e-05
7.433333333333334,3.9999994681861275,-1.450072971489611e-07,6.179266495994115e-05
7.443243243243244,3.999999466748148,-1.452031196317619e-07,6.179266495983682e-05
7.453153153153154,3.999999465308228,-1.4539894175490455e-07,6.179266495973221e-05
7.463063063063063,3.999999463866367,-1.4559476351838982e-07,6.179266495962731e-05
7.472972972972974,3.999999462422566,-1.4579058492221857e-07,6.179266495952215e-05
7.482882882882883,3.999999460976824,-1.459864059663915e-07,6.179266495941669e-05
7.492792792792793,3.9999994595291417,-1.4618222665090938e-07,6.179266495931096e-05
7.502702702702703,3.9999994580795186,-1.4637804697577298e-07,6.179266495920492e-05
7.512612612612613,3.999999456627955,-1.4657386694098313e-07,6.17926649590986e-05
7.522522522522523,3.999999455174451,-1.4676968654654053e-07,6.179266495899201e-05
7.532432432432433,3.9999994537190062,-1.46965505792446e-07,6.179266495888512e-05
7.542342342342343,3.999999452261621,-1.471613246787003e-07,6.179266495877796e-05
7.552252252252253,3.9999994508022954,-1.4735714320530425e-07,6.179266495867053e-05
7.562162162162163,3.999999449341029,-1.475529613722585e-07,6.179266495856279e-05
7.572072072072072,3.9999994478778222,-1.4774877917956394e-07,6.179266495845476e-05
7.581981981981983,3.9999994464126747,-1.4794459662722132e-07,6.179266495834644e-05
7.591891891891892,3.999999444945587,-1.4814041371523138e-07,6.179266495823785e-05
7.601801801801802,3.9999994434765584,-1.4833623044359489e-07,6.179266495812896e-05
7.611711711711712,3.9999994420055893,-1.4853204681231267e-07,6.179266495801978e-05
7.621621621621622,3.99999944053268,-1.4872786282138546e-07,6.179266495791033e-05
7.631531531531532,3.99999943905783,-1.48923678470814e-07,6.179266495780058e-05
7.641441441441442,3.9999994375810397,-1.4911949376059915e-07,6.179266495769056e-05
7.651351351351352,3.9999994361023083,-1.4931530869074157e-07,6.179266495758022e-05
7.661261261261262,3.9999994346216368,-1.4951112326124213e-07,6.179266495746959e-05
7.671171171171172,3.999999433139025,-1.4970693747210158e-07,6.179266495735869e-05
7.681081081081081,3.9999994316544725,-1.499027513233207e-07,6.17926649572475e-05
7.690990990990992,3.9999994301679793,-1.5009856481490023e-07,6.1792664957136e-05
7.700900900900901,3.999999428679546,-1.502943779468409e-07,6.179266495702424e-05
7.710810810810811,3.999999427189172,-1.504901907191436e-07,6.179266495691216e-05
7.720720720720721,3.999999425696857,-1.50686003131809e-07,6.17926649567998e-05
7.730630630630631,3.9999994242026022,-1.5088181518483795e-07,6.179266495668713e-05
7.740540540540541,3.999999422706407,-1.5107762687823117e-07,6.17926649565742e-05
7.750450450450451,3.9999994212082712,-1.5127343821198943e-07,6.179266495646095e-05
7.760360360360361,3.9999994197081947,-1.5146924918611357e-07,6.179266495634741e-05
7.770270270270271,3.999999418206178,-1.5166505980060432e-07,6.17926649562336e-05
7.780180180180181,3.9999994167022206,-1.5186087005546238e-07,6.179266495611947e-05
7.79009009009009,3.9999994151963225,-1.5205667995068865e-07,6.179266495600503e-05
7.800000000000001,3.999999413688484,-1.5225248948628384e-07,6.179266495589033e-05
7.80990990990991,3.9999994121787057,-1.524482986622487e-07,6.179266495577532e-05
7.819819819819821,3.9999994106669865,-1.5264410747858404e-07,6.179266495566001e-05
7.82972972972973,3.999999409153327,-1.5283991593529062e-07,6.179266495554442e-05
7.83963963963964,3.999999407637727,-1.530357240323692e-07,6.179266495542852e-05
7.84954954954955,3.9999994061201867,-1.532315317698206e-07,6.179266495531234e-05
7.85945945945946,3.9999994046007057,-1.534273391476456e-07,6.179266495519585e-05
7.86936936936937,3.999999403079284,-1.5362314616584484e-07,6.179266495507904e-05
7.87927927927928,3.9999994015559226,-1.5381895282441925e-07,6.179266495496196e-05
7.88918918918919,3.9999994000306205,-1.5401475912336952e-07,6.179266495484459e-05
7.899099099099099,3.9999993985033777,-1.5421056506269644e-07,6.17926649547269e-05
7.90900900900901,3.9999993969741947,-1.544063706424008e-07,6.17926649546089e-05
7.918918918918919,3.999999395443071,-1.5460217586248333e-07,6.17926649544906e-05
7.92882882882883,3.999999393910007,-1.5479798072294486e-07,6.179266495437202e-05
7.938738738738739,3.999999392375003,-1.5499378522378614e-07,6.179266495425315e-05
7.948648648648649,3.999999390838058,-1.551895893650079e-07,6.179266495413396e-05
7.958558558558559,3.999999389299173,-1.55385393146611e-07,6.179266495401448e-05
7.968468468468469,3.999999387758348,-1.5558119656859608e-07,6.17926649538947e-05
7.978378378378379,3.999999386215582,-1.5577699963096408e-07,6.179266495377461e-05
7.988288288288289,3.999999384670876,-1.5597280233371567e-07,6.179266495365423e-05
7.998198198198199,3.999999383124229,-1.5616860467685158e-07,6.179266495353353e-05
8.00810810810811,3.999999381575642,-1.5636440666037272e-07,6.179266495341253e-05
8.018018018018019,3.999999380025115,-1.5656020828427972e-07,6.179266495329124e-05
8.027927927927928,3.999999378472647,-1.567560095485735e-07,6.179266495316961e-05
8.03783783783784,3.9999993769182387,-1.5695181045325468e-07,6.179266495304771e-05
8.04774774774775,3.9999993753618903,-1.5714761099832416e-07,6.17926649529255e-05
8.057657657657659,3.9999993738036013,-1.5734341118378263e-07,6.179266495280296e-05
8.067567567567568,3.9999993722433724,-1.575392110096309e-07,6.179266495268017e-05
8.077477477477478,3.9999993706812025,-1.5773501047586969e-07,6.179266495255701e-05
8.087387387387388,3.9999993691170928,-1.5793080958249983e-07,6.17926649524336e-05
8.097297297297299,3.9999993675510424,-1.581266083295221e-07,6.179266495230984e-05
8.107207207207209,3.9999993659830517,-1.5832240671693729e-07,6.179266495218581e-05
8.117117117117118,3.999999364413121,-1.5851820474474606e-07,6.179266495206145e-05
8.127027027027028,3.9999993628412494,-1.5871400241294932e-07,6.179266495193678e-05
8.136936936936937,3.999999361267438,-1.5890979972154774e-07,6.179266495181183e-05
8.146846846846847,3.999999359691686,-1.591055966705421e-07,6.179266495168655e-05
8.156756756756756,3.9999993581139934,-1.5930139325993326e-07,6.179266495156094e-05
8.166666666666668,3.999999356534361,-1.5949718948972196e-07,6.179266495143505e-05
8.176576576576577,3.999999354952788,-1.596929853599089e-07,6.179266495130884e-05
8.186486486486487,3.9999993533692746,-1.5988878087049492e-07,6.179266495118233e-05
8.196396396396397,3.999999351783821,-1.6008457602148077e-07,6.17926649510555e-05
8.206306306306306,3.9999993501964273,-1.6028037081286723e-07,6.179266495092837e-05
8.216216216216218,3.999999348607093,-1.6047616524465512e-07,6.17926649508009e-05
8.226126126126127,3.9999993470158186,-1.6067195931684512e-07,6.179266495067316e-05
8.236036036036037,3.9999993454226037,-1.6086775302943803e-07,6.179266495054509e-05
8.245945945945946,3.9999993438274486,-1.6106354638243467e-07,6.17926649504167e-05
8.255855855855856,3.9999993422303532,-1.6125933937583576e-07,6.179266495028801e-05
8.265765765765765,3.9999993406313177,-1.6145513200964213e-07,6.179266495015902e-05
8.275675675675677,3.9999993390303414,-1.616509242838545e-07,6.179266495002967e-05
8.285585585585586,3.9999993374274254,-1.6184671619847367e-07,6.179266494990004e-05
8.295495495495496,3.9999993358225687,-1.6204250775350037e-07,6.179266494977009e-05
8.305405405405406,3.999999334215772,-1.6223829894893548e-07,6.179266494963982e-05
8.315315315315315,3.9999993326070347,-1.6243408978477964e-07,6.179266494950924e-05
8.325225225225227,3.9999993309963573,-1.6262988026103375e-07,6.179266494937834e-05
8.335135135135136,3.9999993293837397,-1.6282567037769845e-07,6.179266494924713e-05
8.345045045045046,3.999999327769182,-1.6302146013477458e-07,6.17926649491156e-05
8.354954954954955,3.999999326152684,-1.6321724953226293e-07,6.179266494898377e-05
8.364864864864865,3.9999993245342456,-1.6341303857016426e-07,6.179266494885162e-05
8.374774774774774,3.999999322913867,-1.636088272484793e-07,6.179266494871915e-05
8.384684684684686,3.999999321291548,-1.6380461556720895e-07,6.179266494858634e-05
8.394594594594595,3.999999319667289,-1.6400040352635384e-07,6.179266494845323e-05
8.404504504504505,3.9999993180410893,-1.6419619112591478e-07,6.17926649483198e-05
8.414414414414415,3.99999931641295,-1.6439197836589256e-07,6.179266494818607e-05
8.424324324324324,3.99999931478287,-1.6458776524628797e-07,6.179266494805198e-05
8.434234234234236,3.99999931315085,-1.647835517671018e-07,6.17926649479176e-05
8.444144144144145,3.99999931151689,-1.6497933792833473e-07,6.17926649477829e-05
8.454054054054055,3.999999309880989,-1.651751237299876e-07,6.179266494764787e-05
8.463963963963964,3.9999993082431486,-1.6537090917206116e-07,6.179266494751253e-05
8.473873873873874,3.9999993066033674,-1.6556669425455618e-07,6.179266494737686e-05
8.483783783783784,3.9999993049616465,-1.6576247897747355e-07,6.179266494724087e-05
8.493693693693695,3.9999993033179853,-1.6595826334081385e-07,6.179266494710457e-05
8.503603603603604,3.9999993016723834,-1.6615404734457798e-07,6.179266494696792e-05
8.513513513513514,3.9999993000248417,-1.6634983098876668e-07,6.179266494683096e-05
8.523423423423424,3.99999929837536,-1.665456142733807e-07,6.17926649466937e-05
8.533333333333333,3.9999992967239377,-1.667413971984208e-07,6.17926649465561e-05
8.543243243243245,3.9999992950705754,-1.6693717976388787e-07,6.179266494641818e-05
8.553153153153154,3.999999293415273,-1.6713296196978256e-07,6.179266494627992e-05
8.563063063063064,3.99999929175803,-1.6732874381610563e-07,6.179266494614134e-05
8.572972972972973,3.999999290098847,-1.6752452530285796e-07,6.179266494600244e-05
8.582882882882883,3.9999992884377242,-1.6772030643004026e-07,6.179266494586324e-05
8.592792792792794,3.9999992867746608,-1.6791608719765334e-07,6.179266494572368e-05
8.602702702702704,3.9999992851096575,-1.681118676056979e-07,6.179266494558382e-05
8.612612612612613,3.999999283442714,-1.6830764765417473e-07,6.179266494544362e-05
8.622522522522523,3.9999992817738304,-1.6850342734308466e-07,6.17926649453031e-05
8.632432432432433,3.9999992801030064,-1.6869920667242843e-07,6.179266494516224e-05
8.642342342342342,3.9999992784302423,-1.688949856422068e-07,6.179266494502105e-05
8.652252252252254,3.999999276755538,-1.690907642524206e-07,6.179266494487953e-05
8.662162162162163,3.9999992750788937,-1.692865425030705e-07,6.179266494473772e-05
8.672072072072073,3.9999992734003094,-1.694823203941574e-07,6.179266494459555e-05
8.681981981981982,3.9999992717197848,-1.6967809792568192e-07,6.179266494445305e-05
8.691891891891892,3.99999927003732,-1.6987387509764498e-07,6.179266494431023e-05
8.701801801801803,3.999999268352915,-1.700696519100473e-07,6.179266494416706e-05
8.711711711711713,3.99999926666657,-1.7026542836288963e-07,6.17926649440236e-05
8.721621621621622,3.999999264978285,-1.7046120445617272e-07,6.179266494387979e-05
8.731531531531532,3.9999992632880597,-1.7065698018989737e-07,6.179266494373565e-05
8.741441441441442,3.999999261595894,-1.708527555640644e-07,6.179266494359116e-05
8.751351351351351,3.999999259901789,-1.7104853057867454e-07,6.179266494344637e-05
8.761261261261263,3.9999992582057433,-1.712443052337286e-07,6.179266494330123e-05
8.771171171171172,3.9999992565077576,-1.7144007952922727e-07,6.179266494315576e-05
8.781081081081082,3.9999992548078316,-1.716358534651714e-07,6.179266494300995e-05
8.790990990990991,3.999999253105966,-1.718316270415617e-07,6.179266494286383e-05
8.800900900900901,3.99999925140216,-1.72027400258399e-07,6.179266494271735e-05
8.810810810810812,3.9999992496964136,-1.722231731156841e-07,6.179266494257055e-05
8.820720720720722,3.999999247988727,-1.7241894561341768e-07,6.179266494242341e-05
8.830630630630631,3.999999246279101,-1.7261471775160052e-07,6.179266494227593e-05
8.840540540540541,3.9999992445675345,-1.7281048953023346e-07,6.179266494212813e-05
8.85045045045045,3.9999992428540283,-1.7300626094931728e-07,6.179266494198e-05
8.86036036036036,3.999999241138582,-1.7320203200885266e-07,6.179266494183153e-05
8.870270270270272,3.999999239421195,-1.7339780270884047e-07,6.17926649416827e-05
8.880180180180181,3.9999992377018687,-1.7359357304928143e-07,6.179266494153356e-05
8.89009009009009,3.9999992359806016,-1.737893430301763e-07,6.179266494138405e-05
8.9,3.999999234257395,-1.7398511265152587e-07,6.179266494123426e-05
8.90990990990991,3.999999232532248,-1.7418088191333097e-07,6.179266494108408e-05
8.919819819819821,3.999999230805161,-1.7437665081559233e-07,6.179266494093358e-05
8.929729729729731,3.9999992290761344,-1.7457241935831065e-07,6.179266494078275e-05
8.93963963963964,3.9999992273451674,-1.7476818754148679e-07,6.179266494063159e-05
8.94954954954955,3.9999992256122603,-1.7496395536512152e-07,6.179266494048006e-05
8.95945945945946,3.9999992238774134,-1.7515972282921557e-07,6.179266494032822e-05
8.96936936936937,3.999999222140626,-1.7535548993376975e-07,6.179266494017602e-05
8.97927927927928,3.999999220401899,-1.7555125667878484e-07,6.179266494002347e-05
8.98918918918919,3.9999992186612316,-1.7574702306426155e-07,6.17926649398706e-05
8.9990990990991,3.9999992169186247,-1.7594278909020073e-07,6.17926649397174e-05
9.00900900900901,3.9999992151740775,-1.761385547566031e-07,6.179266493956384e-05
9.018918918918919,3.99999921342759,-1.7633432006346944e-07,6.179266493940994e-05
9.02882882882883,3.999999211679163,-1.7653008501080062e-07,6.17926649392557e-05
9.03873873873874,3.9999992099287955,-1.7672584959859726e-07,6.179266493910112e-05
9.04864864864865,3.9999992081764884,-1.7692161382686014e-07,6.179266493894618e-05
9.058558558558559,3.999999206422241,-1.7711737769559015e-07,6.179266493879091e-05
9.068468468468469,3.9999992046660537,-1.77313141204788e-07,6.17926649386353e-05
9.078378378378378,3.9999992029079268,-1.7750890435445446e-07,6.179266493847937e-05
9.08828828828829,3.999999201147859,-1.7770466714459038e-07,6.179266493832304e-05
9.0981981981982,3.999999199385852,-1.7790042957519638e-07,6.179266493816641e-05
9.108108108108109,3.999999197621905,-1.7809619164627331e-07,6.179266493800942e-05
9.118018018018018,3.9999991958560175,-1.7829195335782198e-07,6.179266493785206e-05
9.127927927927928,3.9999991940881903,-1.784877147098431e-07,6.179266493769439e-05
9.13783783783784,3.9999991923184233,-1.7868347570233755e-07,6.179266493753638e-05
9.147747747747749,3.999999190546716,-1.78879236335306e-07,6.1792664937378e-05
9.157657657657658,3.999999188773069,-1.790749966087492e-07,6.179266493721928e-05
9.167567567567568,3.999999186997482,-1.7927075652266799e-07,6.17926649370602e-05
9.177477477477478,3.999999185219955,-1.7946651607706313e-07,6.179266493690078e-05
9.187387387387387,3.999999183440488,-1.7966227527193538e-07,6.179266493674102e-05
9.197297297297299,3.999999181659081,-1.7985803410728558e-07,6.179266493658092e-05
9.207207207207208,3.9999991798757337,-1.8005379258311436e-07,6.179266493642044e-05
9.217117117117118,3.999999178090447,-1.8024955069942263e-07,6.179266493625964e-05
9.227027027027027,3.9999991763032203,-1.8044530845621108e-07,6.179266493609846e-05
9.236936936936937,3.9999991745140537,-1.8064106585348054e-07,6.179266493593697e-05
9.246846846846848,3.999999172722947,-1.808368228912318e-07,6.17926649357751e-05
9.256756756756758,3.9999991709299003,-1.8103257956946553e-07,6.179266493561289e-05
9.266666666666667,3.999999169134914,-1.8122833588818253e-07,6.179266493545032e-05
9.276576576576577,3.9999991673379873,-1.8142409184738366e-07,6.17926649352874e-05
9.286486486486487,3.999999165539121,-1.8161984744706956e-07,6.179266493512414e-05
9.296396396396396,3.9999991637383148,-1.8181560268724116e-07,6.179266493496052e-05
9.306306306306308,3.9999991619355684,-1.8201135756789914e-07,6.179266493479654e-05
9.316216216216217,3.999999160130882,-1.8220711208904425e-07,6.179266493463221e-05
9.326126126126127,3.9999991583242562,-1.8240286625067735e-07,6.179266493446753e-05
9.336036036036036,3.9999991565156905,-1.8259862005279911e-07,6.179266493430252e-05
9.345945945945946,3.9999991547051845,-1.8279437349541037e-07,6.179266493413712e-05
9.355855855855857,3.9999991528927388,-1.8299012657851192e-07,6.179266493397138e-05
9.365765765765767,3.9999991510783532,-1.8318587930210449e-07,6.179266493380528e-05
9.375675675675677,3.9999991492620275,-1.833816316661888e-07,6.179266493363881e-05
9.385585585585586,3.999999147443762,-1.835773836707657e-07,6.1792664933472e-05
9.395495495495496,3.999999145623557,-1.8377313531583598e-07,6.179266493330486e-05
9.405405405405405,3.9999991438014115,-1.8396888660140036e-07,6.179266493313731e-05
9.415315315315317,3.9999991419773266,-1.8416463752745966e-07,6.179266493296945e-05
9.425225225225226,3.9999991401513015,-1.8436038809401462e-07,6.179266493280121e-05
9.435135135135136,3.999999138323337,-1.8455613830106603e-07,6.179266493263263e-05
9.445045045045045,3.9999991364934324,-1.8475188814861458e-07,6.179266493246368e-05
9.454954954954955,3.999999134661588,-1.8494763763666117e-07,6.179266493229437e-05
9.464864864864866,3.9999991328278033,-1.8514338676520658e-07,6.179266493212468e-05
9.474774774774776,3.9999991309920793,-1.853391355342514e-07,6.179266493195468e-05
9.484684684684686,3.999999129154415,-1.8553488394379661e-07,6.179266493178428e-05
9.494594594594595,3.999999127314811,-1.8573063199384284e-07,6.179266493161353e-05
9.504504504504505,3.9999991254732676,-1.8592637968439094e-07,6.179266493144243e-05
9.514414414414414,3.999999123629784,-1.8612212701544166e-07,6.179266493127097e-05
9.524324324324326,3.9999991217843602,-1.8631787398699583e-07,6.179266493109913e-05
9.534234234234235,3.999999119936997,-1.8651362059905407e-07,6.179266493092694e-05
9.544144144144145,3.999999118087694,-1.867093668516173e-07,6.17926649307544e-05
9.554054054054054,3.999999116236451,-1.8690511274468622e-07,6.179266493058148e-05
9.563963963963964,3.9999991143832685,-1.8710085827826162e-07,6.179266493040821e-05
9.573873873873875,3.9999991125281458,-1.8729660345234432e-07,6.179266493023456e-05
9.583783783783785,3.9999991106710833,-1.8749234826693504e-07,6.179266493006056e-05
9.593693693693695,3.999999108812081,-1.8768809272203454e-07,6.179266492988618e-05
9.603603603603604,3.9999991069511394,-1.8788383681764363e-07,6.179266492971148e-05
9.613513513513514,3.9999991050882575,-1.8807958055376307e-07,6.179266492953638e-05
9.623423423423423,3.999999103223436,-1.882753239303936e-07,6.179266492936091e-05
9.633333333333335,3.9999991013566745,-1.8847106694753608e-07,6.17926649291851e-05
9.643243243243244,3.9999990994879733,-1.8866680960519122e-07,6.179266492900891e-05
9.653153153153154,3.9999990976173323,-1.8886255190335977e-07,6.179266492883235e-05
9.663063063063063,3.9999990957447515,-1.8905829384204255e-07,6.179266492865542e-05
9.672972972972973,3.999999093870231,-1.892540354212403e-07,6.179266492847814e-05
9.682882882882884,3.9999990919937707,-1.8944977664095386e-07,6.17926649283005e-05
9.692792792792794,3.9999990901153706,-1.8964551750118391e-07,6.179266492812247e-05
9.702702702702704,3.9999990882350307,-1.8984125800193126e-07,6.179266492794407e-05
9.712612612612613,3.999999086352751,-1.900369981431967e-07,6.179266492776532e-05
9.722522522522523,3.9999990844685316,-1.90232737924981e-07,6.179266492758618e-05
9.732432432432434,3.9999990825823724,-1.9042847734728494e-07,6.179266492740668e-05
9.742342342342344,3.9999990806942733,-1.906242164101092e-07,6.179266492722681e-05
9.752252252252253,3.9999990788042346,-1.908199551134547e-07,6.179266492704658e-05
9.762162162162163,3.999999076912256,-1.9101569345732208e-07,6.179266492686596e-05
9.772072072072072,3.999999075018338,-1.912114314417122e-07,6.1792664926685e-05
9.781981981981982,3.99999907312248,-1.9140716906662586e-07,6.179266492650365e-05
9.791891891891893,3.9999990712246825,-1.9160290633206378e-07,6.179266492632192e-05
9.801801801801803,3.9999990693249448,-1.9179864323802667e-07,6.179266492613983e-05
9.811711711711713,3.9999990674232677,-1.9199437978451537e-07,6.179266492595736e-05
9.821621621621622,3.999999065519651,-1.9219011597153067e-07,6.179266492577454e-05
9.831531531531532,3.9999990636140943,-1.9238585179907328e-07,6.179266492559133e-05
9.841441441441443,3.999999061706598,-1.925815872671441e-07,6.179266492540775e-05
9.851351351351353,3.9999990597971617,-1.9277732237574377e-07,6.179266492522379e-05
9.861261261261262,3.9999990578857862,-1.929730571248731e-07,6.179266492503946e-05
9.871171171171172,3.9999990559724705,-1.931687915145329e-07,6.179266492485475e-05
9.881081081081081,3.9999990540572155,-1.9336452554472388e-07,6.179266492466968e-05
9.890990990990991,3.9999990521400206,-1.9356025921544686e-07,6.179266492448423e-05
9.900900900900902,3.999999050220886,-1.9375599252670264e-07,6.17926649242984e-05
9.910810810810812,3.9999990482998116,-1.939517254784919e-07,6.179266492411218e-05
9.920720720720722,3.999999046376798,-1.941474580708155e-07,6.179266492392562e-05
9.930630630630631,3.9999990444518443,-1.9434319030367413e-07,6.179266492373866e-05
9.94054054054054,3.999999042524951,-1.9453892217706864e-07,6.179266492355134e-05
9.950450450450452,3.999999040596118,-1.9473465369099983e-07,6.179266492336362e-05
9.960360360360362,3.999999038665345,-1.9493038484546835e-07,6.179266492317553e-05
9.970270270270271,3.999999036732633,-1.9512611564047509e-07,6.179266492298707e-05
9.98018018018018,3.9999990347979804,-1.9532184607602073e-07,6.17926649227982e-05
9.99009009009009,3.999999032861389,-1.955175761521061e-07,6.1792664922609e-05
10.0,3.9999990309228575,-1.9571330586873194e-07,6.179266492241939e-05
