z,H(z)
0.0,4.241103405421977e+26
0.018610170155975325,4.241103405421977e+26
0.037566678745184934,4.241103405421977e+26
0.05687597118480503,4.241103405421977e+26
0.07654461284231595,4.241103405421977e+26
0.09657929126781006,4.241103405421977e+26
0.11698681846782266,4.241103405421977e+26
0.13777413322149035,4.241103405421977e+26
0.1589483034398118,4.241103405421977e+26
0.1805165285688055,4.241103405421977e+26
0.20248614203741244,4.241103405421977e+26
0.2248646137509307,4.241103405421977e+26
0.24765955263087114,4.241103405421977e+26
0.2708787092020595,4.241103405421977e+26
0.29452997822791604,4.241103405421977e+26
0.31862140139474837,4.241103405421977e+26
0.3431611700460153,4.241103405421977e+26
0.3681576279674732,4.241103405421977e+26
0.39361927422414333,4.241103405421977e+26
0.4195547660501018,4.241103405421977e+26
0.44597292179201964,4.241103405421977e+26
0.47288272390750197,4.241103405421977e+26
0.5002933220192198,4.241103405421977e+26
0.5282140360258709,4.241103405421977e+26
0.5566543592710622,4.241103405421977e+26
0.5856239617711372,4.241103405421977e+26
0.6151326935030896,4.241103405421977e+26
0.6451905877536641,4.241103405421977e+26
0.6758078645307688,4.241103405421977e+26
0.7069949340384079,4.241103405421977e+26
0.7387624002162505,4.241103405421977e+26
0.7711210643450868,4.241103405421977e+26
0.8040819287193848,4.241103405421977e+26
0.8376562003881725,4.241103405421977e+26
0.8718552949655793,4.241103405421977e+26
0.906690840512252,4.241103405421977e+26
0.9421746814890244,4.241103405421977e+26
0.9783188827841662,4.241103405421977e+26
1.0151357338155584,4.241103405421977e+26
1.052637752709252,4.241103405421977e+26
1.09083769055575,4.241103405421977e+26
1.1297485357455188,4.241103405421977e+26
1.1693835183851866,4.241103405421977e+26
1.2097561147959035,4.241103405421977e+26
1.2508800520954617,4.241103405421977e+26
1.2927693128656488,4.241103405421977e+26
1.335438139906477,4.241103405421977e+26
1.3789010410788958,4.241103405421977e+26
1.4231727942376007,4.241103405421977e+26
1.4682684522556926,4.241103405421977e+26
1.5142033481427966,4.241103405421977e+26
1.560993100258457,4.241103405421977e+26
1.6086536176225508,4.241103405421977e+26
1.6572011053245066,4.241103405421977e+26
1.706652070033241,4.241103405421977e+26
1.7570233256095826,4.241103405421977e+26
1.8083319988231699,4.241103405421977e+26
1.860595535175745,4.241103405421977e+26
1.9138317048327886,4.241103405421977e+26
1.9680586086656024,4.241103405421977e+26
2.0232946844057764,4.241103405421977e+26
2.0795587129142237,4.241103405421977e+26
2.1368698245668796,4.241103405421977e+26
2.195247505759214,4.241103405421977e+26
2.254711605531848,4.241103405421977e+26
2.3152823423194238,4.241103405421977e+26
2.3769803108250884,4.241103405421977e+26
2.4398264890229284,4.241103405421977e+26
2.503842245290676,4.241103405421977e+26
2.5690493456752295,4.241103405421977e+26
2.6354699612933175,4.241103405421977e+26
2.703126675869931,4.241103405421977e+26
2.772042493417002,4.241103405421977e+26
2.8422408460550606,4.241103405421977e+26
2.913745601980384,4.241103405421977e+26
2.986581073580439,4.241103405421977e+26
3.060772025700369,4.241103405421977e+26
3.1363436840632772,4.241103405421977e+26
3.213321743847289,4.241103405421977e+26
3.2917323784221573,4.241103405421977e+26
3.371602248248502,4.241103405421977e+26
3.4529585099426603,4.241103405421977e+26
3.5358288255101904,4.241103405421977e+26
3.6202413717513133,4.241103405421977e+26
3.7062248498412815,4.241103405421977e+26
3.793808495089107,4.241103405421977e+26
3.883022086877885,4.241103405421977e+26
3.9738959587900684,4.241103405421977e+26
4.066461008921269,4.241103405421977e+26
4.160748710385908,4.241103405421977e+26
4.256791122018419,4.241103405421977e+26
4.354620899273613,4.241103405421977e+26
4.4542713053298355,4.241103405421977e+26
4.555776222398877,4.241103405421977e+26
4.659170163246243,4.241103405421977e+26
4.764488282925874,4.241103405421977e+26
4.871766390733262,4.241103405421977e+26
4.981040962380945,4.241103405421977e+26
5.092349152400712,4.241103405421977e+26
5.2057288067765,4.241103405421977e+26
5.321218475812448,4.241103405421977e+26
5.438857427240427,4.241103405421977e+26
5.558685659571436,4.241103405421977e+26
5.680743915695614,4.241103405421977e+26
5.8050736967352075,4.241103405421977e+26
5.931717276155401,4.241103405421977e+26
6.0607177141377795,4.241103405421977e+26
6.192118872221192,4.241103405421977e+26
6.32596542821523,4.241103405421977e+26
6.462302891391108,4.241103405421977e+26
6.601177617955323,4.241103405421977e+26
6.742636826811277,4.241103405421977e+26
6.886728615614156,4.241103405421977e+26
7.033501977124734,4.241103405421977e+26
7.18300681586739,4.241103405421977e+26
7.335293965098186,4.241103405421977e+26
7.490415204088755,4.241103405421977e+26
7.6484232757317265,4.241103405421977e+26
7.809371904473991,4.241103405421977e+26
7.97331581458352,4.241103405421977e+26
8.140310748756223,4.241103405421977e+26
8.310413487069086,4.241103405421977e+26
8.483681866285927,4.241103405421977e+26
8.660174799522645,4.241103405421977e+26
8.839952296278227,4.241103405421977e+26
9.023075482838644,4.241103405421977e+26
9.209606623060475,4.241103405421977e+26
9.399609139541203,4.241103405421977e+26
9.593147635183701,4.241103405421977e+26
9.790287915161837,4.241103405421977e+26
9.991097009294961,4.241103405421977e+26
10.195643194838793,4.241103405421977e+26
10.403996019700331,4.241103405421977e+26
10.61622632608502,4.241103405421977e+26
10.83240627458378,4.241103405421977e+26
11.052609368708413,4.241103405421977e+26
11.276910479883604,4.241103405421977e+26
11.505385872903913,4.241103405421977e+26
11.738113231864785,4.241103405421977e+26
11.97517168657587,4.241103405421977e+26
12.216641839466066,4.241103405421977e+26
12.462605792989113,4.241103405421977e+26
12.713147177539458,4.241103405421977e+26
12.9683511798874,4.241103405421977e+26
13.228304572143518,4.241103405421977e+26
13.49309574126218,4.241103405421977e+26
13.76281471909391,4.241103405421977e+26
14.037553212997386,4.241103405421977e+26
14.3174046370208,4.241103405421977e+26
14.60246414366368,4.241103405421977e+26
14.892828656229797,4.241103405421977e+26
15.188596901781992,4.241103405421977e+26
15.48986944471065,4.241103405421977e+26
15.79674872092653,4.241103405421977e+26
16.109339072690133,4.241103405421977e+26
16.42774678408921,4.241103405421977e+26
16.752080117176362,4.241103405421977e+26
17.08244934877952,4.241103405421977e+26
17.41896680799711,4.241103405421977e+26
17.761746914391196,4.241103405421977e+26
18.1109062168914,4.241103405421977e+26
18.466563433422632,4.241103405421977e+26
18.828839491270713,4.241103405421977e+26
19.197857568198785,4.241103405421977e+26
19.573743134329117,4.241103405421977e+26
19.956623994804353,4.241103405421977e+26
20.346630333242455,4.241103405421977e+26
20.7438947560008,4.241103405421977e+26
21.14855233726359,4.241103405421977e+26
21.56074066496859,4.241103405421977e+26
21.980599887588536,4.241103405421977e+26
22.408272761782943,4.241103405421977e+26
22.843904700937205,4.241103405421977e+26
23.287643824604505,4.241103405421977e+26
23.739641008868116,4.241103405421977e+26
24.200049937640948,4.241103405421977e+26
24.66902715491952,4.241103405421977e+26
25.14673211801092,4.241103405421977e+26
25.63332725174981,4.241103405421977e+26
26.128978003724647,4.241103405421977e+26
26.633852900531732,4.241103405421977e+26
27.14812360507581,4.241103405421977e+26
27.671964974937698,4.241103405421977e+26
28.20555512182745,4.241103405421977e+26
28.749075472144376,4.241103405421977e+26
29.302710828663997,4.241103405421977e+26
29.866649433372746,4.241103405421977e+26
30.441083031472647,4.241103405421977e+26
31.0262069365765,4.241103405421977e+26
31.62222009711666,4.241103405421977e+26
32.22932516398975,4.241103405421977e+26
32.84772855945983,4.241103405421977e+26
33.47764054734464,4.241103405421977e+26
34.119275304507276,4.241103405421977e+26
34.772850993678695,4.241103405421977e+26
35.43858983763548,4.241103405421977e+26
36.11671819475767,4.241103405421977e+26
36.80746663599349,4.241103405421977e+26
37.51107002325569,4.241103405421977e+26
38.227767589277235,4.241103405421977e+26
38.95780301895274,4.241103405421977e+26
39.701424532194395,4.241103405421977e+26
40.458884968329116,4.241103405421977e+26
41.23044187206672,4.241103405421977e+26
42.01635758106799,4.241103405421977e+26
42.81689931514194,4.241103405421977e+26
43.63233926710397,4.241103405421977e+26
44.462954695324,4.241103405421977e+26
45.30902801799737,4.241103405421977e+26
46.17084690917022,4.241103405421977e+26
47.048704396551344,4.241103405421977e+26
47.94289896114532,4.241103405421977e+26
48.85373463873894,4.241103405421977e+26
49.78152112327671,4.241103405421977e+26
50.726573872160245,4.241103405421977e+26
51.68921421350677,4.241103405421977e+26
52.66976945540476,4.241103405421977e+26
53.668572997201814,4.241103405421977e+26
54.68596444286409,4.241103405421977e+26
55.72228971644549,4.241103405421977e+26
56.77790117970507,4.241103405421977e+26
57.85315775191451,4.241103405421977e+26
58.9484250318941,4.241103405421977e+26
60.06407542232037,4.241103405421977e+26
61.20048825634718,4.241103405421977e+26
62.35804992658254,4.241103405421977e+26
63.537154016467014,4.241103405421977e+26
64.73820143409584,4.241103405421977e+26
65.96160054853215,4.241103405421977e+26
67.20776732865693,4.241103405421977e+26
68.4771254846024,4.241103405421977e+26
69.77010661181889,4.241103405421977e+26
71.08715033782136,4.241103405421977e+26
72.42870447166759,4.241103405421977e+26
73.7952251562183,4.241103405421977e+26
75.18717702322999,4.241103405421977e+26
76.6050333513357,4.241103405421977e+26
78.0492762269642,4.241103405421977e+26
79.5203967082547,4.241103405421977e+26
81.01889499202213,4.241103405421977e+26
82.54528058382871,4.241103405421977e+26
84.10007247122246,4.241103405421977e+26
85.68379930019773,4.241103405421977e+26
87.29699955494081,4.241103405421977e+26
88.94022174092052,4.241103405421977e+26
90.61402457138522,4.241103405421977e+26
92.3189771573324,4.241103405421977e+26
94.05565920101192,4.241103405421977e+26
95.82466119303115,4.241103405421977e+26
97.62658461312832,4.241103405421977e+26
99.46204213468131,4.241103405421977e+26
101.3316578330245,4.241103405421977e+26
103.23606739764013,4.241103405421977e+26
105.17591834829992,4.241103405421977e+26
107.15187025522893,4.241103405421977e+26
109.1645949633657,4.241103405421977e+26
111.21477682079804,4.241103405421977e+26
113.30311291144785,4.241103405421977e+26
115.43031329208756,4.241103405421977e+26
117.59710123376708,4.241103405421977e+26
119.8042134677329,4.241103405421977e+26
122.05240043592617,4.241103405421977e+26
124.34242654613995,4.241103405421977e+26
126.67507043192646,4.241103405421977e+26
129.05112521734097,4.241103405421977e+26
131.47139878661173,4.241103405421977e+26
133.93671405883066,4.241103405421977e+26
136.4479092677537,4.241103405421977e+26
139.0058382468099,4.241103405421977e+26
141.61137071941297,4.241103405421977e+26
144.2653925946781,4.241103405421977e+26
146.96880626863964,4.241103405421977e+26
149.72253093107557,4.241103405421977e+26
152.52750287804244,4.241103405421977e+26
155.38467583022478,4.241103405421977e+26
158.2950212572123,4.241103405421977e+26
161.2595287078087,4.241103405421977e+26
164.2792061464894,4.241103405421977e+26
167.3550802961204,4.241103405421977e+26
170.48819698705407,4.241103405421977e+26
173.67962151272454,4.241103405421977e+26
176.9304389918577,4.241103405421977e+26
180.24175473742358,4.241103405421977e+26
183.61469463245496,4.241103405421977e+26
187.05040551285836,4.241103405421977e+26
190.5500555573528,4.241103405421977e+26
194.11483468466164,4.241103405421977e+26
197.74595495809817,4.241103405421977e+26
201.44465099768058,4.241103405421977e+26
205.21218039991447,4.241103405421977e+26
209.04982416539156,4.241103405421977e+26
212.95888713434215,4.241103405421977e+26
216.9406984302954,4.241103405421977e+26
220.99661191199573,4.241103405421977e+26
225.12800663372795,4.241103405421977e+26
229.3362873142131,4.241103405421977e+26
233.6228848142262,4.241103405421977e+26
237.9892566231048,4.241103405421977e+26
242.4368873543113,4.241103405421977e+26
246.96728925021603,4.241103405421977e+26
251.5820026962785,4.241103405421977e+26
256.2825967447932,4.241103405421977e+26
261.070669648385,4.241103405421977e+26
265.9478494034324,4.241103405421977e+26
270.9157943036019,4.241103405421977e+26
275.9761935036891,4.241103405421977e+26
281.1307675939471,4.241103405421977e+26
286.38126918510636,4.241103405421977e+26
291.7294835042819,4.241103405421977e+26
297.17722900196736,4.241103405421977e+26
302.7263579703312,4.241103405421977e+26
308.37875717301364,4.241103405421977e+26
314.1363484866476,4.241103405421977e+26
320.00108955431756,4.241103405421977e+26
325.9749744511768,4.241103405421977e+26
332.06003436245885,4.241103405421977e+26
338.25833827409923,4.241103405421977e+26
344.5719936762136,4.241103405421977e+26
351.0031472796682,4.241103405421977e+26
357.55398574598166,4.241103405421977e+26
364.22673643081754,4.241103405421977e+26
371.0236681413066,4.241103405421977e+26
377.9470919074664,4.241103405421977e+26
384.9993617679771,4.241103405421977e+26
392.18287557057704,4.241103405421977e+26
399.50007578736114,4.241103405421977e+26
406.9534503452449,4.241103405421977e+26
414.545533471888,4.241103405421977e+26
422.27890655735536,4.241103405421977e+26
430.15619903182284,4.241103405421977e+26
438.1800892596086,4.241103405421977e+26
446.3533054498464,4.241103405421977e+26
454.67862658410684,4.241103405421977e+26
463.15888336127824,4.241103405421977e+26
471.79695916003914,4.241103405421977e+26
480.5957910192351,4.241103405421977e+26
489.55837063650455,4.241103405421977e+26
498.6877453854889,4.241103405421977e+26
507.9870193519685,4.241103405421977e+26
517.4593543892913,4.241103405421977e+26
527.1079711934331,4.241103405421977e+26
536.9361503980698,4.241103405421977e+26
546.9472336900293,4.241103405421977e+26
557.1446249454966,4.241103405421977e+26
567.5317913873754,4.241103405421977e+26
578.1122647641758,4.241103405421977e+26
588.8896425508494,4.241103405421977e+26
599.8675891719694,4.241103405421977e+26
611.0498372476703,4.241103405421977e+26
622.4401888627864,4.241103405421977e+26
634.0425168595963,4.241103405421977e+26
645.8607661546321,4.241103405421977e+26
657.8989550799956,4.241103405421977e+26
670.1611767496287,4.241103405421977e+26
682.6516004510238,4.241103405421977e+26
695.3744730628222,4.241103405421977e+26
708.3341204987989,4.241103405421977e+26
721.5349491787222,4.241103405421977e+26
734.9814475265771,4.241103405421977e+26
748.6781874966877,4.241103405421977e+26
762.6298261282243,4.241103405421977e+26
776.8411071286482,4.241103405421977e+26
791.3168624866263,4.241103405421977e+26
806.0620141149508,4.241103405421977e+26
821.0815755240541,4.241103405421977e+26
836.380653526649,4.241103405421977e+26
851.9644499741017,4.241103405421977e+26
867.8382635251194,4.241103405421977e+26
884.007491447344,4.241103405421977e+26
900.4776314524918,4.241103405421977e+26
917.2542835656282,4.241103405421977e+26
934.3431520292377,4.241103405421977e+26
951.75004724273,4.241103405421977e+26
969.4808877380308,4.241103405421977e+26
987.5417021919574,4.241103405421977e+26
1005.9386314760272,4.241103405421977e+26
1024.6779307444208,4.241103405421977e+26
1043.7659715608052,4.241103405421977e+26
1063.2092440647245,4.241103405421977e+26
1083.014359178331,4.241103405421977e+26
1103.18805085416,4.241103405421977e+26
1123.737178364751,4.241103405421977e+26
1144.6687286348727,4.241103405421977e+26
1165.9898186171474,4.241103405421977e+26
1187.7076977119034,4.241103405421977e+26
1209.8297502320395,4.241103405421977e+26
1232.3634979137748,4.241103405421977e+26
1255.3166024741215,4.241103405421977e+26
1278.6968682159418,4.241103405421977e+26
1302.512244681509,4.241103405421977e+26
1326.770829355429,4.241103405421977e+26
1351.480870417874,4.241103405421977e+26
1376.6507695490548,4.241103405421977e+26
1402.289084785873,4.241103405421977e+26
1428.4045334317611,4.241103405421977e+26
1455.0059950206487,4.241103405421977e+26
1482.1025143361062,4.241103405421977e+26
1509.7033044866555,4.241103405421977e+26
1537.8177500383465,4.241103405421977e+26
1566.455410205595,4.241103405421977e+26
1595.6260221014252,4.241103405421977e+26
1625.339504048194,4.241103405421977e+26
1655.6059589499152,4.241103405421977e+26
1686.4356777273756,4.241103405421977e+26
1717.8391428171456,4.241103405421977e+26
1749.8270317357235,4.241103405421977e+26
1782.41022071001,4.241103405421977e+26
1815.5997883753287,4.241103405421977e+26
1849.4070195423021,4.241103405421977e+26
1883.8434090337955,4.241103405421977e+26
1918.9206655932828,4.241103405421977e+26
1954.6507158659513,4.241103405421977e+26
1991.0457084538712,4.241103405421977e+26
2028.1180180466783,4.241103405421977e+26
2065.880249629082,4.241103405421977e+26
2104.345242766704,4.241103405421977e+26
2143.52607597167,4.241103405421977e+26
2183.4360711494282,4.241103405421977e+26
2224.0887981283695,4.241103405421977e+26
2265.498079273693,4.241103405421977e+26
2307.6779941871673,4.241103405421977e+26
2350.642884494351,4.241103405421977e+26
2394.4073587208795,4.241103405421977e+26
2438.98629725955,4.241103405421977e+26
2484.3948574297983,4.241103405421977e+26
2530.648478631353,4.241103405421977e+26
2577.762887593804,4.241103405421977e+26
2625.7541037238384,4.241103405421977e+26
2674.6384445520453,4.241103405421977e+26
2724.4325312810274,4.241103405421977e+26
2775.1532944367978,4.241103405421977e+26
2826.817979625344,4.241103405421977e+26
2879.4441533962977,4.241103405421977e+26
2933.0497092157875,4.241103405421977e+26
2987.652873550383,4.241103405421977e+26
3043.2722120642998,4.241103405421977e+26
3099.92663593193,4.241103405421977e+26
3157.635408267819,4.241103405421977e+26
3216.4181506763716,4.241103405421977e+26
3276.294849923382,4.241103405421977e+26
3337.2858647317576,4.241103405421977e+26
3399.4119327037097,4.241103405421977e+26
3462.6941773717344,4.241103405421977e+26
3527.154115380883,4.241103405421977e+26
3592.813663804626,4.241103405421977e+26
3659.695147596899,4.241103405421977e+26
3727.8213071828377,4.241103405421977e+26
3797.2153061907366,4.241103405421977e+26
3867.9007393279758,4.241103405421977e+26
3939.901640403448,4.241103405421977e+26
4013.242490499318,4.241103405421977e+26
4087.9482262948645,4.241103405421977e+26
4164.044248545185,4.241103405421977e+26
4241.556430717777,4.241103405421977e+26
4320.511127789762,4.241103405421977e+26
4400.935185208879,4.241103405421977e+26
4482.855948021191,4.241103405421977e+26
4566.301270168747,4.241103405421977e+26
4651.29952396019,4.241103405421977e+26
4737.879609717651,4.241103405421977e+26
4826.070965603189,4.241103405421977e+26
4915.903577628032,4.241103405421977e+26
5007.407989848212,4.241103405421977e+26
5100.615314749834,4.241103405421977e+26
5195.557243827658,4.241103405421977e+26
5292.2660583605675,4.241103405421977e+26
5390.774640387505,4.241103405421977e+26
5491.1164838877885,4.241103405421977e+26
5593.325706169378,4.241103405421977e+26
5697.437059469135,4.241103405421977e+26
5803.485942768984,4.241103405421977e+26
5911.508413831882,4.241103405421977e+26
6021.541201461928,4.241103405421977e+26
6133.621717992506,4.241103405421977e+26
6247.788072006888,4.241103405421977e+26
6364.079081295578,4.241103405421977e+26
6482.534286054727,4.241103405421977e+26
6603.193962330305,4.241103405421977e+26
6726.099135712337,4.241103405421977e+26
6851.291595284058,4.241103405421977e+26
6978.813907830668,4.241103405421977e+26
7108.709432312439,4.241103405421977e+26
7241.022334607315,4.241103405421977e+26
7375.79760252773,4.241103405421977e+26
7513.081061116963,4.241103405421977e+26
7652.919388230155,4.241103405421977e+26
7795.360130405236,4.241103405421977e+26
7940.45171902934,4.241103405421977e+26
8088.243486805938,4.241103405421977e+26
8238.785684528511,4.241103405421977e+26
8392.129498166372,4.241103405421977e+26
8548.327066268384,4.241103405421977e+26
8707.431497690724,4.241103405421977e+26
8869.496889654403,4.241103405421977e+26
9034.57834613892,4.241103405421977e+26
9202.73199661823,4.241103405421977e+26
9374.01501514529,4.241103405421977e+26
9548.485639791967,4.241103405421977e+26
9726.203192450537,4.241103405421977e+26
9907.228099003787,4.241103405421977e+26
10091.621909870484,4.241103405421977e+26
10279.447320933097,4.241103405421977e+26
10470.768194855204,4.241103405421977e+26
10665.649582795388,4.241103405421977e+26
10864.157746525372,4.241103405421977e+26
11066.360180959744,4.241103405421977e+26
11272.32563710487,4.241103405421977e+26
11482.12414543511,4.241103405421977e+26
11695.827039703872,4.241103405421977e+26
11913.506981197748,4.241103405421977e+26
12135.23798344242,4.241103405421977e+26
12361.09543736769,4.241103405421977e+26
12591.15613694151,4.241103405421977e+26
12825.498305280626,4.241103405421977e+26
13064.2016212472,4.241103405421977e+26
13307.347246540761,4.241103405421977e+26
13555.017853293692,4.241103405421977e+26
13807.297652180923,4.241103405421977e+26
14064.272421052394,4.241103405421977e+26
14326.029534098296,4.241103405421977e+26
14592.657991557577,4.241103405421977e+26
14864.248449978571,4.241103405421977e+26
15140.893253043521,4.241103405421977e+26
15422.686462966307,4.241103405421977e+26
15709.72389247449,4.241103405421977e+26
16002.103137387017,4.241103405421977e+26
16299.92360979741,4.241103405421977e+26
16603.286571875295,4.241103405421977e+26
16912.295170296504,4.241103405421977e+26
17227.054471313924,4.241103405421977e+26
17547.671496481522,4.241103405421977e+26
17874.255259042355,4.241103405421977e+26
18206.916800994626,4.241103405421977e+26
18545.769230847014,4.241103405421977e+26
18890.927762076644,4.241103405421977e+26
19242.509752303322,4.241103405421977e+26
19600.63474319186,4.241103405421977e+26
19965.424501097936,4.241103405421977e+26
20337.003058469843,4.241103405421977e+26
20715.496756020668,4.241103405421977e+26
21101.034285685964,4.241103405421977e+26
21493.746734379805,4.241103405421977e+26
21893.76762856621,4.241103405421977e+26
22301.232979659406,4.241103405421977e+26
22716.281330269027,4.241103405421977e+26
23139.05380130654,4.241103405421977e+26
23569.69413996728,4.241103405421977e+26
24008.34876860652,4.241103405421977e+26
24455.16683452449,4.241103405421977e+26
24910.30026067786,4.241103405421977e+26
25373.903797335715,4.241103405421977e+26
25846.135074695638,4.241103405421977e+26
26327.1546564802,4.241103405421977e+26
26817.126094530187,4.241103405421977e+26
27316.215984413735,4.241103405421977e+26
27824.59402207126,4.241103405421977e+26
28342.433061513097,4.241103405421977e+26
28869.909173592343,4.241103405421977e+26
29407.201705870666,4.241103405421977e+26
29954.493343598104,4.241103405421977e+26
30511.97017182871,4.241103405421977e+26
31079.82173869064,4.241103405421977e+26
31658.24111983521,4.241103405421977e+26
32247.424984084457,4.241103405421977e+26
32847.5736603004,4.241103405421977e+26
33458.89120549975,4.241103405421977e+26
34081.58547423452,4.241103405421977e+26
34715.868189265595,4.241103405421977e+26
35361.95501355046,4.241103405421977e+26
36020.06562357066,4.241103405421977e+26
36690.42378402494,4.241103405421977e+26
37373.25742391065,4.241103405421977e+26
38068.79871402284,4.241103405421977e+26
38777.28414589461,4.241103405421977e+26
39498.95461220639,4.241103405421977e+26
40234.05548869293,4.241103405421977e+26
40982.836717572616,4.241103405421977e+26
41745.55289253135,4.241103405421977e+26
42522.46334528686,4.241103405421977e+26
43313.83223376394,4.241103405421977e+26
44119.9286319119,4.241103405421977e+26
44941.02662119142,4.241103405421977e+26
45777.405383766156,4.241103405421977e+26
46629.34929742737,4.241103405421977e+26
47497.14803228495,4.241103405421977e+26
48381.096649259576,4.241103405421977e+26
49281.49570040513,4.241103405421977e+26
50198.651331100795,4.241103405421977e+26
51132.87538414331,4.241103405421977e+26
52084.48550577655,4.241103405421977e+26
53053.80525369574,4.241103405421977e+26
54041.164207059155,4.241103405421977e+26
55046.898078549675,4.241103405421977e+26
56071.348828520386,4.241103405421977e+26
57114.86478126423,4.241103405421977e+26
58177.80074344935,4.241103405421977e+26
59260.51812475552,4.241103405421977e+26
60363.38506075864,4.241103405421977e+26
61486.7765381003,4.241103405421977e+26
62631.07452198693,4.241103405421977e+26
63796.668086062826,4.241103405421977e+26
64983.95354469889,4.241103405421977e+26
66193.33458774387,4.241103405421977e+26
67425.22241778349,4.241103405421977e+26
68680.03588995307,4.241103405421977e+26
69958.20165435375,4.241103405421977e+26
71260.15430111745,4.241103405421977e+26
72586.33650817246,4.241103405421977e+26
73937.19919175873,4.241103405421977e+26
75313.20165974376,4.241103405421977e+26
76714.81176779303,4.241103405421977e+26
78142.50607844543,4.241103405421977e+26
79596.77002314977,4.241103405421977e+26
81078.09806731695,4.241103405421977e+26
82586.99387844274,4.241103405421977e+26
84123.9704973612,4.241103405421977e+26
85689.55051268348,4.241103405421977e+26
87284.2662384837,4.241103405421977e+26
88908.65989529167,4.241103405421977e+26
90563.28379445293,4.241103405421977e+26
92248.70052592174,4.241103405421977e+26
93965.48314954691,4.241103405421977e+26
95714.21538991857,4.241103405421977e+26
97495.49183484097,4.241103405421977e+26
99309.91813749801,4.241103405421977e+26
101158.11122238298,4.241103405421977e+26
103040.69949505875,4.241103405421977e+26
104958.32305582266,4.241103405421977e+26
106911.63391734772,4.241103405421977e+26
108901.29622637304,4.241103405421977e+26
110927.98648952229,4.241103405421977e+26
112992.39380332216,4.241103405421977e+26
115095.22008850312,4.241103405421977e+26
117237.18032865998,4.241103405421977e+26
119419.00281335325,4.241103405421977e+26
121641.42938573682,4.241103405421977e+26
123905.21569479183,4.241103405421977e+26
126211.13145225462,4.241103405421977e+26
128559.96069432964,4.241103405421977e+26
130952.50204826676,4.241103405421977e+26
133389.56900390587,4.241103405421977e+26
135871.9901902712,4.241103405421977e+26
138400.609657313,4.241103405421977e+26
140976.28716289677,4.241103405421977e+26
143599.89846512608,4.241103405421977e+26
146272.335620113,4.241103405421977e+26
148994.50728528568,4.241103405421977e+26
151767.3390283404,4.241103405421977e+26
154591.77364194786,4.241103405421977e+26
157468.77146430867,4.241103405421977e+26
160399.310705682,4.241103405421977e+26
163384.38778098638,4.241103405421977e+26
166425.0176485902,4.241103405421977e+26
169522.23415541215,4.241103405421977e+26
172677.09038843558,4.241103405421977e+26
175890.65903277326,4.241103405421977e+26
179164.0327363903,4.241103405421977e+26
182498.32448161504,4.241103405421977e+26
185894.66796356882,4.241103405421977e+26
189354.21797562952,4.241103405421977e+26
192878.15080207778,4.241103405421977e+26
196467.66461804486,4.241103405421977e+26
200123.9798969035,4.241103405421977e+26
203848.33982524642,4.241103405421977e+26
207642.0107255775,4.241103405421977e+26
211506.2824868795,4.241103405421977e+26
215442.46900318866,4.241103405421977e+26
219451.90862033115,4.241103405421977e+26
223535.96459097965,4.241103405421977e+26
227696.02553816803,4.241103405421977e+26
231933.50592744275,4.241103405421977e+26
236249.846547795,4.241103405421977e+26
240646.51500154223,4.241103405421977e+26
245125.006203334,4.241103405421977e+26
249686.84288843267,4.241103405421977e+26
254333.57613046482,4.241103405421977e+26
259066.78586880118,4.241103405421977e+26
263888.0814457507,4.241103405421977e+26
268799.10215376073,4.241103405421977e+26
273801.5177927858,4.241103405421977e+26
278897.029238044,4.241103405421977e+26
284087.3690183307,4.241103405421977e+26
289374.3019050947,4.241103405421977e+26
294759.62551248586,4.241103405421977e+26
300245.1709085549,4.241103405421977e+26
305832.80323784315,4.241103405421977e+26
311524.4223555491,4.241103405421977e+26
317321.9634734973,4.241103405421977e+26
323227.39781813807,4.241103405421977e+26
329242.7333007769,4.241103405421977e+26
335370.0152002929,4.241103405421977e+26
341611.32685855316,4.241103405421977e+26
347968.7903887688,4.241103405421977e+26
354444.5673970435,4.241103405421977e+26
361040.8597173337,4.241103405421977e+26
367759.91016010306,4.241103405421977e+26
374604.00327489973,4.241103405421977e+26
381575.46612712444,4.241103405421977e+26
388676.66908926674,4.241103405421977e+26
395910.02664684586,4.241103405421977e+26
403277.9982193705,4.241103405421977e+26
410783.08899656514,4.241103405421977e+26
418427.8507901576,4.241103405421977e+26
426214.8829015325,4.241103405421977e+26
434146.8330055093,4.241103405421977e+26
442226.3980505897,4.241103405421977e+26
450456.3251759463,4.241103405421977e+26
458839.41264547524,4.241103405421977e+26
467378.5107992463,4.241103405421977e+26
476076.52302263683,4.241103405421977e+26
484936.4067335233,4.241103405421977e+26
493961.17438783264,4.241103405421977e+26
503153.8945038046,4.241103405421977e+26
512517.6927053333,4.241103405421977e+26
522055.7527846975,4.241103405421977e+26
531771.3177850966,4.241103405421977e+26
541667.6911033157,4.241103405421977e+26
551748.2376129117,4.241103405421977e+26
562016.3848083188,4.241103405421977e+26
572475.6239702179,4.241103405421977e+26
583129.5113526218,4.241103405421977e+26
593981.6693920363,4.241103405421977e+26
605035.7879391212,4.241103405421977e+26
616295.6255132942,4.241103405421977e+26
627765.01058065,4.241103405421977e+26
639447.8428556937,4.241103405421977e+26
651348.094627281,4.241103405421977e+26
663469.8121092351,4.241103405421977e+26
675817.116816111,4.241103405421977e+26
688394.2069645496,4.241103405421977e+26
701205.3589007177,4.241103405421977e+26
714254.9285543134,4.241103405421977e+26
727547.3529196233,4.241103405421977e+26
741087.151564157,4.241103405421977e+26
754878.9281653431,4.241103405421977e+26
768927.3720758307,4.241103405421977e+26
783237.2599179205,4.241103405421977e+26
797813.457207663,4.241103405421977e+26
812660.9200091945,4.241103405421977e+26
827784.6966198472,4.241103405421977e+26
843189.9292866251,4.241103405421977e+26
858881.8559546259,4.241103405421977e+26
874865.8120479914,4.241103405421977e+26
891147.2322840203,4.241103405421977e+26
907731.6525210225,4.241103405421977e+26
924624.7116405733,4.241103405421977e+26
941832.153464796,4.241103405421977e+26
959359.8287093146,4.241103405421977e+26
977213.6969725726,4.241103405421977e+26
995399.8287621519,4.241103405421977e+26
1013924.4075588143,4.241103405421977e+26
1032793.7319189524,4.241103405421977e+26
1052014.217616159,4.241103405421977e+26
1071592.399822671,4.241103405421977e+26
1091534.935331391,4.241103405421977e+26
1111848.6048192699,4.241103405421977e+26
1132540.3151528127,4.241103405421977e+26
1153617.1017364785,4.241103405421977e+26
1175086.1309048075,4.241103405421977e+26
1196954.7023590428,4.241103405421977e+26
1219230.2516491096,4.241103405421977e+26
1241920.3527017848,4.241103405421977e+26
1265032.7203959038,4.241103405421977e+26
1288575.213185518,4.241103405421977e+26
1312555.8357718429,4.241103405421977e+26
1336982.7418249452,4.241103405421977e+26
1361864.2367560829,4.241103405421977e+26
1387208.780541621,4.241103405421977e+26
1413024.9905995338,4.241103405421977e+26
1439321.6447194063,4.241103405421977e+26
1466107.684046983,4.241103405421977e+26
1493392.2161242536,4.241103405421977e+26
1521184.5179861048,4.241103405421977e+26
1549494.0393146316,4.241103405421977e+26
1578330.4056521165,4.241103405421977e+26
1607703.421673822,4.241103405421977e+26
1637623.074521689,4.241103405421977e+26
1668099.5372000593,4.241103405421977e+26
1699143.172034626,4.241103405421977e+26
1730764.5341957242,4.241103405421977e+26
1762974.3752872038,4.241103405421977e+26
1795783.6470020968,4.241103405421977e+26
1829203.504846294,4.241103405421977e+26
1863245.3119315598,4.241103405421977e+26
1897920.6428390993,4.241103405421977e+26
1933241.2875550434,4.241103405421977e+26
1969219.2554791735,4.241103405421977e+26
2005866.7795082345,4.241103405421977e+26
2043196.3201952707,4.241103405421977e+26
2081220.5699863373,4.241103405421977e+26
2119952.4575360687,4.241103405421977e+26
2159405.1521035675,4.241103405421977e+26
2199592.0680300747,4.241103405421977e+26
2240526.869300018,4.241103405421977e+26
2282223.4741868963,4.241103405421977e+26
2324696.0599856456,4.241103405421977e+26
2367959.0678330786,4.241103405421977e+26
2412027.207618007,4.241103405421977e+26
2456915.46298279,4.241103405421977e+26
2502639.096417922,4.241103405421977e+26
2549213.6544514205,4.241103405421977e+26
2596654.972934873,4.241103405421977e+26
2644979.18242772,4.241103405421977e+26
2694202.7136818827,4.241103405421977e+26
2744342.303228368,4.241103405421977e+26
2795414.9990678537,4.241103405421977e+26
2847438.1664672475,4.241103405421977e+26
2900429.4938639915,4.241103405421977e+26
2954406.99888038,4.241103405421977e+26
3009389.0344497245,4.241103405421977e+26
3065394.2950565238,4.241103405421977e+26
3122441.8230928583,4.241103405421977e+26
3180551.01533292,4.241103405421977e+26
3239741.6295281956,4.241103405421977e+26
3300033.7911252887,4.241103405421977e+26
3361448.0001087617,4.241103405421977e+26
3424005.137971426,4.241103405421977e+26
3487726.474814178,4.241103405421977e+26
3552633.6765781394,4.241103405421977e+26
3618748.8124112845,4.241103405421977e+26
3686094.362172161,4.241103405421977e+26
3754693.2240733365,4.241103405421977e+26
3824568.722466999,4.241103405421977e+26
3895744.6157755014,4.241103405421977e+26
3968245.1045694863,4.241103405421977e+26
4042094.83979631,4.241103405421977e+26
4117318.9311616793,4.241103405421977e+26
4193942.9556671865,4.241103405421977e+26
4271992.966306777,4.241103405421977e+26
4351495.500925054,4.241103405421977e+26
4432477.5912404,4.241103405421977e+26
4514966.772036103,4.241103405421977e+26
4598991.090522438,4.241103405421977e+26
4684579.115873045,4.241103405421977e+26
4771759.948938751,4.241103405421977e+26
4860563.232142139,4.241103405421977e+26
4951019.159556352,4.241103405421977e+26
5043158.487171359,4.241103405421977e+26
5137012.543351339,4.241103405421977e+26
5232613.239486668,4.241103405421977e+26
5329993.080844093,4.241103405421977e+26
5429185.177618943,4.241103405421977e+26
5530223.2561929,4.241103405421977e+26
5633141.670601352,4.241103405421977e+26
5737975.41421414,4.241103405421977e+26
5844760.1316336375,4.241103405421977e+26
5953532.13081437,4.241103405421977e+26
6064328.395408062,4.241103405421977e+26
6177186.597338488,4.241103405421977e+26
6292145.10961035,4.241103405421977e+26
6409243.019356457,4.241103405421977e+26
6528520.141127847,4.241103405421977e+26
6650017.030431119,4.241103405421977e+26
6773774.997517745,4.241103405421977e+26
6899836.121430025,4.241103405421977e+26
7028243.264308354,4.241103405421977e+26
7159040.085964889,4.241103405421977e+26
7292271.058728313,4.241103405421977e+26
7427981.48256491,4.241103405421977e+26
7566217.500481062,4.241103405421977e+26
7707026.114212304,4.241103405421977e+26
7850455.20020451,4.241103405421977e+26
7996553.525892347,4.241103405421977e+26
8145370.766280737,4.241103405421977e+26
8296957.520834915,4.241103405421977e+26
8451365.330684721,4.241103405421977e+26
8608646.696149245,4.241103405421977e+26
8768855.094587427,4.241103405421977e+26
8932044.998580959,4.241103405421977e+26
9098271.894455569,4.241103405421977e+26
9267592.301146884,4.241103405421977e+26
9440063.789417604,4.241103405421977e+26
9615745.001432097,4.241103405421977e+26
9794695.670695387,4.241103405421977e+26
9976976.642363213,4.241103405421977e+26
10162649.893929953,4.241103405421977e+26
10351778.556301761,4.241103405421977e+26
10544426.935261685,4.241103405421977e+26
10740660.533334322,4.241103405421977e+26
10940546.072057435,4.241103405421977e+26
11144151.514667882,4.241103405421977e+26
11351546.089209989,4.241103405421977e+26
11562800.312073752,4.241103405421977e+26
11777986.01197118,4.241103405421977e+26
11997176.354358857,4.241103405421977e+26
12220445.866314886,4.241103405421977e+26
12447870.461879062,4.241103405421977e+26
12679527.46786434,4.241103405421977e+26
12915495.650148828,4.241103405421977e+26
13155855.240457052,4.241103405421977e+26
13400687.963639509,4.241103405421977e+26
13650077.065460138,4.241103405421977e+26
13904107.340900697,4.241103405421977e+26
14162865.162991976,4.241103405421977e+26
14426438.51218159,4.241103405421977e+26
14694917.006248174,4.241103405421977e+26
14968391.930772556,4.241103405421977e+26
15246956.27017573,4.241103405421977e+26
15530704.739334585,4.241103405421977e+26
15819733.815786015,4.241103405421977e+26
16114141.7725302,4.241103405421977e+26
16414028.711444665,4.241103405421977e+26
16719496.597319884,4.241103405421977e+26
17030649.292528424,4.241103405421977e+26
17347592.592339326,4.241103405421977e+26
17670434.260889467,4.241103405421977e+26
17999284.067824766,4.241103405421977e+26
18334253.82562289,4.241103405421977e+26
18675457.42761074,4.241103405421977e+26
19023010.886689458,4.241103405421977e+26
19377032.37477989,4.241103405421977e+26
19737642.263002556,4.241103405421977e+26
20104963.16260497,4.241103405421977e+26
20479119.966650832,4.241103405421977e+26
20860239.89248505,4.241103405421977e+26
21248452.52498883,4.241103405421977e+26
21643889.860640205,4.241103405421977e+26
22046686.352394074,4.241103405421977e+26
22456978.955397718,4.241103405421977e+26
22874907.17355704,4.241103405421977e+26
23300613.106969245,4.241103405421977e+26
23734241.500238664,4.241103405421977e+26
24175939.791691285,4.241103405421977e+26
24625858.163505442,4.241103405421977e+26
25084149.592775412,4.241103405421977e+26
25550969.903525073,4.241103405421977e+26
26026477.819690045,4.241103405421977e+26
26510835.019085363,4.241103405421977e+26
27004206.188377757,4.241103405421977e+26
27506759.07908068,4.241103405421977e+26
28018664.564591955,4.241103405421977e+26
28540096.69829238,4.241103405421977e+26
29071232.772725757,4.241103405421977e+26
29612253.379880372,4.241103405421977e+26
30163342.472591974,4.241103405421977e+26
30724687.427090034,4.241103405421977e+26
31296479.106707506,4.241103405421977e+26
31878911.926776428,4.241103405421977e+26
32472183.92073132,4.241103405421977e+26
33076496.807442427,4.241103405421977e+26
33692056.059802674,4.241103405421977e+26
34319070.97459043,4.241103405421977e+26
34957754.74363271,4.241103405421977e+26
35608324.526292816,4.241103405421977e+26
36271001.52330648,4.241103405421977e+26
36946011.05199303,4.241103405421977e+26
37633582.62286533,4.241103405421977e+26
38333950.017665975,4.241103405421977e+26
39047351.36885564,4.241103405421977e+26
39774029.240580365,4.241103405421977e+26
40514230.711146474,4.241103405421977e+26
41268207.45702952,4.241103405421977e+26
42036215.8384471,4.241103405421977e+26
42818516.98652416,4.241103405421977e+26
43615376.89208005,4.241103405421977e+26
44427066.49606883,4.241103405421977e+26
45253861.78170166,4.241103405421977e+26
46096043.86828438,4.241103405421977e+26
46953899.10680062,4.241103405421977e+26
47827719.17727485,4.241103405421977e+26
48717801.18794632,4.241103405421977e+26
49624447.776289135,4.241103405421977e+26
50547967.21191246,4.241103405421977e+26
51488673.50137498,4.241103405421977e+26
52446886.49495119,4.241103405421977e+26
53422931.99538352,4.241103405421977e+26
54417141.86865888,4.241103405421977e+26
55429854.156846754,4.241103405421977e+26
56461413.19303673,4.241103405421977e+26
57512169.71841614,4.241103405421977e+26
58582481.001525365,4.241103405421977e+26
59672710.9597331,4.241103405421977e+26
60783230.28297236,4.241103405421977e+26
61914416.55977848,4.241103405421977e+26
63066654.40567406,4.241103405421977e+26
64240335.59394191,4.241103405421977e+26
65435859.18883229,4.241103405421977e+26
66653631.6812492,4.241103405421977e+26
67894067.12696113,4.241103405421977e+26
69157587.28738524,4.241103405421977e+26
70444621.77299038,4.241103405421977e+26
71755608.18936922,4.241103405421977e+26
73090992.28602919,4.241103405421977e+26
74451228.10795143,4.241103405421977e+26
75836778.1499719,4.241103405421977e+26
77248113.514034,4.241103405421977e+26
78685714.06936844,4.241103405421977e+26
80150068.61565414,4.241103405421977e+26
81641675.04921472,4.241103405421977e+26
83161040.53230962,4.241103405421977e+26
84708681.66557403,4.241103405421977e+26
86285124.66366887,4.241103405421977e+26
87890905.53419963,4.241103405421977e+26
89526570.259964,4.241103405421977e+26
91192674.98459297,4.241103405421977e+26
92889786.20164497,4.241103405421977e+26
94618480.94721991,4.241103405421977e+26
96379346.99615796,4.241103405421977e+26
98172983.06188841,4.241103405421977e+26
99999999.0,4.241103405421977e+26
