z,H(z),H(z)_phys
0.0,4.241103405421977e+26,3.346654697218482e+34
0.0186101701559753,4.241103405421977e+26,3.346654697218482e+34
0.0375666787451849,4.241103405421977e+26,3.346654697218482e+34
0.056875971184805,4.241103405421977e+26,3.346654697218482e+34
0.0765446128423159,4.241103405421977e+26,3.346654697218482e+34
0.09657929126781,4.241103405421977e+26,3.346654697218482e+34
0.1169868184678226,4.241103405421977e+26,3.346654697218482e+34
0.1377741332214903,4.241103405421977e+26,3.346654697218482e+34
0.1589483034398118,4.241103405421977e+26,3.346654697218482e+34
0.1805165285688055,4.241103405421977e+26,3.346654697218482e+34
0.2024861420374124,4.241103405421977e+26,3.346654697218482e+34
0.2248646137509307,4.241103405421977e+26,3.346654697218482e+34
0.2476595526308711,4.241103405421977e+26,3.346654697218482e+34
0.2708787092020595,4.241103405421977e+26,3.346654697218482e+34
0.294529978227916,4.241103405421977e+26,3.346654697218482e+34
0.3186214013947483,4.241103405421977e+26,3.346654697218482e+34
0.3431611700460153,4.241103405421977e+26,3.346654697218482e+34
0.3681576279674732,4.241103405421977e+26,3.346654697218482e+34
0.3936192742241433,4.241103405421977e+26,3.346654697218482e+34
0.4195547660501018,4.241103405421977e+26,3.346654697218482e+34
0.4459729217920196,4.241103405421977e+26,3.346654697218482e+34
0.4728827239075019,4.241103405421977e+26,3.346654697218482e+34
0.5002933220192198,4.241103405421977e+26,3.346654697218482e+34
0.5282140360258709,4.241103405421977e+26,3.346654697218482e+34
0.5566543592710622,4.241103405421977e+26,3.346654697218482e+34
0.5856239617711372,4.241103405421977e+26,3.346654697218482e+34
0.6151326935030896,4.241103405421977e+26,3.346654697218482e+34
0.6451905877536641,4.241103405421977e+26,3.346654697218482e+34
0.6758078645307688,4.241103405421977e+26,3.346654697218482e+34
0.7069949340384079,4.241103405421977e+26,3.346654697218482e+34
0.7387624002162505,4.241103405421977e+26,3.346654697218482e+34
0.7711210643450868,4.241103405421977e+26,3.346654697218482e+34
0.8040819287193848,4.241103405421977e+26,3.346654697218482e+34
0.8376562003881725,4.241103405421977e+26,3.346654697218482e+34
0.8718552949655793,4.241103405421977e+26,3.346654697218482e+34
0.906690840512252,4.241103405421977e+26,3.346654697218482e+34
0.9421746814890244,4.241103405421977e+26,3.346654697218482e+34
0.9783188827841662,4.241103405421977e+26,3.346654697218482e+34
1.0151357338155584,4.241103405421977e+26,3.346654697218482e+34
1.052637752709252,4.241103405421977e+26,3.346654697218482e+34
1.09083769055575,4.241103405421977e+26,3.346654697218482e+34
1.1297485357455188,4.241103405421977e+26,3.346654697218482e+34
1.1693835183851866,4.241103405421977e+26,3.346654697218482e+34
1.2097561147959035,4.241103405421977e+26,3.346654697218482e+34
1.2508800520954615,4.241103405421977e+26,3.346654697218482e+34
1.2927693128656488,4.241103405421977e+26,3.346654697218482e+34
1.335438139906477,4.241103405421977e+26,3.346654697218482e+34
1.3789010410788958,4.241103405421977e+26,3.346654697218482e+34
1.423172794237601,4.241103405421977e+26,3.346654697218482e+34
1.4682684522556926,4.241103405421977e+26,3.346654697218482e+34
1.5142033481427966,4.241103405421977e+26,3.346654697218482e+34
1.560993100258457,4.241103405421977e+26,3.346654697218482e+34
1.6086536176225508,4.241103405421977e+26,3.346654697218482e+34
1.6572011053245066,4.241103405421977e+26,3.346654697218482e+34
1.706652070033241,4.241103405421977e+26,3.346654697218482e+34
1.7570233256095826,4.241103405421977e+26,3.346654697218482e+34
1.8083319988231696,4.241103405421977e+26,3.346654697218482e+34
1.860595535175745,4.241103405421977e+26,3.346654697218482e+34
1.9138317048327889,4.241103405421977e+26,3.346654697218482e+34
1.9680586086656024,4.241103405421977e+26,3.346654697218482e+34
2.0232946844057764,4.241103405421977e+26,3.346654697218482e+34
2.079558712914224,4.241103405421977e+26,3.346654697218482e+34
2.13686982456688,4.241103405421977e+26,3.346654697218482e+34
2.195247505759214,4.241103405421977e+26,3.346654697218482e+34
2.254711605531848,4.241103405421977e+26,3.346654697218482e+34
2.315282342319424,4.241103405421977e+26,3.346654697218482e+34
2.3769803108250884,4.241103405421977e+26,3.346654697218482e+34
2.4398264890229284,4.241103405421977e+26,3.346654697218482e+34
2.503842245290676,4.241103405421977e+26,3.346654697218482e+34
2.569049345675229,4.241103405421977e+26,3.346654697218482e+34
2.635469961293317,4.241103405421977e+26,3.346654697218482e+34
2.703126675869931,4.241103405421977e+26,3.346654697218482e+34
2.772042493417002,4.241103405421977e+26,3.346654697218482e+34
2.842240846055061,4.241103405421977e+26,3.346654697218482e+34
2.913745601980384,4.241103405421977e+26,3.346654697218482e+34
2.986581073580439,4.241103405421977e+26,3.346654697218482e+34
3.060772025700369,4.241103405421977e+26,3.346654697218482e+34
3.136343684063277,4.241103405421977e+26,3.346654697218482e+34
3.213321743847289,4.241103405421977e+26,3.346654697218482e+34
3.2917323784221573,4.241103405421977e+26,3.346654697218482e+34
3.371602248248502,4.241103405421977e+26,3.346654697218482e+34
3.4529585099426603,4.241103405421977e+26,3.346654697218482e+34
3.5358288255101904,4.241103405421977e+26,3.346654697218482e+34
3.620241371751313,4.241103405421977e+26,3.346654697218482e+34
3.7062248498412815,4.241103405421977e+26,3.346654697218482e+34
3.793808495089107,4.241103405421977e+26,3.346654697218482e+34
3.883022086877885,4.241103405421977e+26,3.346654697218482e+34
3.973895958790069,4.241103405421977e+26,3.346654697218482e+34
4.066461008921269,4.241103405421977e+26,3.346654697218482e+34
4.160748710385908,4.241103405421977e+26,3.346654697218482e+34
4.256791122018419,4.241103405421977e+26,3.346654697218482e+34
4.354620899273613,4.241103405421977e+26,3.346654697218482e+34
4.454271305329836,4.241103405421977e+26,3.346654697218482e+34
4.555776222398877,4.241103405421977e+26,3.346654697218482e+34
4.659170163246243,4.241103405421977e+26,3.346654697218482e+34
4.764488282925874,4.241103405421977e+26,3.346654697218482e+34
4.871766390733262,4.241103405421977e+26,3.346654697218482e+34
4.981040962380945,4.241103405421977e+26,3.346654697218482e+34
5.092349152400712,4.241103405421977e+26,3.346654697218482e+34
5.2057288067765,4.241103405421977e+26,3.346654697218482e+34
5.321218475812448,4.241103405421977e+26,3.346654697218482e+34
5.438857427240427,4.241103405421977e+26,3.346654697218482e+34
5.558685659571436,4.241103405421977e+26,3.346654697218482e+34
5.680743915695614,4.241103405421977e+26,3.346654697218482e+34
5.805073696735208,4.241103405421977e+26,3.346654697218482e+34
5.931717276155401,4.241103405421977e+26,3.346654697218482e+34
6.06071771413778,4.241103405421977e+26,3.346654697218482e+34
6.192118872221192,4.241103405421977e+26,3.346654697218482e+34
6.32596542821523,4.241103405421977e+26,3.346654697218482e+34
6.462302891391108,4.241103405421977e+26,3.346654697218482e+34
6.601177617955323,4.241103405421977e+26,3.346654697218482e+34
6.742636826811277,4.241103405421977e+26,3.346654697218482e+34
6.886728615614156,4.241103405421977e+26,3.346654697218482e+34
7.033501977124734,4.241103405421977e+26,3.346654697218482e+34
7.18300681586739,4.241103405421977e+26,3.346654697218482e+34
7.335293965098186,4.241103405421977e+26,3.346654697218482e+34
7.490415204088755,4.241103405421977e+26,3.346654697218482e+34
7.6484232757317265,4.241103405421977e+26,3.346654697218482e+34
7.809371904473991,4.241103405421977e+26,3.346654697218482e+34
7.97331581458352,4.241103405421977e+26,3.346654697218482e+34
8.140310748756223,4.241103405421977e+26,3.346654697218482e+34
8.310413487069086,4.241103405421977e+26,3.346654697218482e+34
8.483681866285927,4.241103405421977e+26,3.346654697218482e+34
8.660174799522645,4.241103405421977e+26,3.346654697218482e+34
8.839952296278227,4.241103405421977e+26,3.346654697218482e+34
9.023075482838644,4.241103405421977e+26,3.346654697218482e+34
9.209606623060475,4.241103405421977e+26,3.346654697218482e+34
9.399609139541203,4.241103405421977e+26,3.346654697218482e+34
9.5931476351837,4.241103405421977e+26,3.346654697218482e+34
9.790287915161835,4.241103405421977e+26,3.346654697218482e+34
9.99109700929496,4.241103405421977e+26,3.346654697218482e+34
10.195643194838793,4.241103405421977e+26,3.346654697218482e+34
10.403996019700331,4.241103405421977e+26,3.346654697218482e+34
10.61622632608502,4.241103405421977e+26,3.346654697218482e+34
10.83240627458378,4.241103405421977e+26,3.346654697218482e+34
11.052609368708412,4.241103405421977e+26,3.346654697218482e+34
11.276910479883604,4.241103405421977e+26,3.346654697218482e+34
11.505385872903911,4.241103405421977e+26,3.346654697218482e+34
11.738113231864784,4.241103405421977e+26,3.346654697218482e+34
11.97517168657587,4.241103405421977e+26,3.346654697218482e+34
12.216641839466066,4.241103405421977e+26,3.346654697218482e+34
12.462605792989113,4.241103405421977e+26,3.346654697218482e+34
12.713147177539458,4.241103405421977e+26,3.346654697218482e+34
12.9683511798874,4.241103405421977e+26,3.346654697218482e+34
13.228304572143518,4.241103405421977e+26,3.346654697218482e+34
13.49309574126218,4.241103405421977e+26,3.346654697218482e+34
13.76281471909391,4.241103405421977e+26,3.346654697218482e+34
14.037553212997386,4.241103405421977e+26,3.346654697218482e+34
14.3174046370208,4.241103405421977e+26,3.346654697218482e+34
14.60246414366368,4.241103405421977e+26,3.346654697218482e+34
14.892828656229796,4.241103405421977e+26,3.346654697218482e+34
15.188596901781992,4.241103405421977e+26,3.346654697218482e+34
15.48986944471065,4.241103405421977e+26,3.346654697218482e+34
15.79674872092653,4.241103405421977e+26,3.346654697218482e+34
16.109339072690133,4.241103405421977e+26,3.346654697218482e+34
16.42774678408921,4.241103405421977e+26,3.346654697218482e+34
16.752080117176362,4.241103405421977e+26,3.346654697218482e+34
17.08244934877952,4.241103405421977e+26,3.346654697218482e+34
17.41896680799711,4.241103405421977e+26,3.346654697218482e+34
17.761746914391196,4.241103405421977e+26,3.346654697218482e+34
18.1109062168914,4.241103405421977e+26,3.346654697218482e+34
18.466563433422632,4.241103405421977e+26,3.346654697218482e+34
18.828839491270717,4.241103405421977e+26,3.346654697218482e+34
19.197857568198785,4.241103405421977e+26,3.346654697218482e+34
19.57374313432912,4.241103405421977e+26,3.346654697218482e+34
19.956623994804357,4.241103405421977e+26,3.346654697218482e+34
20.34663033324245,4.241103405421977e+26,3.346654697218482e+34
20.7438947560008,4.241103405421977e+26,3.346654697218482e+34
21.14855233726359,4.241103405421977e+26,3.346654697218482e+34
21.56074066496859,4.241103405421977e+26,3.346654697218482e+34
21.980599887588536,4.241103405421977e+26,3.346654697218482e+34
22.408272761782943,4.241103405421977e+26,3.346654697218482e+34
22.843904700937205,4.241103405421977e+26,3.346654697218482e+34
23.287643824604505,4.241103405421977e+26,3.346654697218482e+34
23.73964100886812,4.241103405421977e+26,3.346654697218482e+34
24.200049937640948,4.241103405421977e+26,3.346654697218482e+34
24.66902715491952,4.241103405421977e+26,3.346654697218482e+34
25.14673211801092,4.241103405421977e+26,3.346654697218482e+34
25.63332725174981,4.241103405421977e+26,3.346654697218482e+34
26.128978003724647,4.241103405421977e+26,3.346654697218482e+34
26.63385290053173,4.241103405421977e+26,3.346654697218482e+34
27.14812360507581,4.241103405421977e+26,3.346654697218482e+34
27.671964974937698,4.241103405421977e+26,3.346654697218482e+34
28.20555512182745,4.241103405421977e+26,3.346654697218482e+34
28.749075472144376,4.241103405421977e+26,3.346654697218482e+34
29.302710828664,4.241103405421977e+26,3.346654697218482e+34
29.866649433372743,4.241103405421977e+26,3.346654697218482e+34
30.441083031472647,4.241103405421977e+26,3.346654697218482e+34
31.0262069365765,4.241103405421977e+26,3.346654697218482e+34
31.62222009711666,4.241103405421977e+26,3.346654697218482e+34
32.22932516398975,4.241103405421977e+26,3.346654697218482e+34
32.84772855945983,4.241103405421977e+26,3.346654697218482e+34
33.47764054734464,4.241103405421977e+26,3.346654697218482e+34
34.11927530450728,4.241103405421977e+26,3.346654697218482e+34
34.772850993678695,4.241103405421977e+26,3.346654697218482e+34
35.43858983763548,4.241103405421977e+26,3.346654697218482e+34
36.11671819475767,4.241103405421977e+26,3.346654697218482e+34
36.80746663599349,4.241103405421977e+26,3.346654697218482e+34
37.51107002325569,4.241103405421977e+26,3.346654697218482e+34
38.22776758927724,4.241103405421977e+26,3.346654697218482e+34
38.95780301895274,4.241103405421977e+26,3.346654697218482e+34
39.7014245321944,4.241103405421977e+26,3.346654697218482e+34
40.45888496832912,4.241103405421977e+26,3.346654697218482e+34
41.23044187206672,4.241103405421977e+26,3.346654697218482e+34
42.01635758106799,4.241103405421977e+26,3.346654697218482e+34
42.81689931514194,4.241103405421977e+26,3.346654697218482e+34
43.63233926710397,4.241103405421977e+26,3.346654697218482e+34
44.462954695324,4.241103405421977e+26,3.346654697218482e+34
45.30902801799737,4.241103405421977e+26,3.346654697218482e+34
46.17084690917022,4.241103405421977e+26,3.346654697218482e+34
47.048704396551344,4.241103405421977e+26,3.346654697218482e+34
47.94289896114532,4.241103405421977e+26,3.346654697218482e+34
48.85373463873894,4.241103405421977e+26,3.346654697218482e+34
49.78152112327671,4.241103405421977e+26,3.346654697218482e+34
50.726573872160245,4.241103405421977e+26,3.346654697218482e+34
51.68921421350677,4.241103405421977e+26,3.346654697218482e+34
52.66976945540476,4.241103405421977e+26,3.346654697218482e+34
53.66857299720181,4.241103405421977e+26,3.346654697218482e+34
54.68596444286409,4.241103405421977e+26,3.346654697218482e+34
55.72228971644549,4.241103405421977e+26,3.346654697218482e+34
56.77790117970507,4.241103405421977e+26,3.346654697218482e+34
57.85315775191451,4.241103405421977e+26,3.346654697218482e+34
58.9484250318941,4.241103405421977e+26,3.346654697218482e+34
60.06407542232037,4.241103405421977e+26,3.346654697218482e+34
61.20048825634718,4.241103405421977e+26,3.346654697218482e+34
62.35804992658254,4.241103405421977e+26,3.346654697218482e+34
63.53715401646701,4.241103405421977e+26,3.346654697218482e+34
64.73820143409584,4.241103405421977e+26,3.346654697218482e+34
65.96160054853215,4.241103405421977e+26,3.346654697218482e+34
67.20776732865693,4.241103405421977e+26,3.346654697218482e+34
68.4771254846024,4.241103405421977e+26,3.346654697218482e+34
69.77010661181889,4.241103405421977e+26,3.346654697218482e+34
71.08715033782136,4.241103405421977e+26,3.346654697218482e+34
72.42870447166759,4.241103405421977e+26,3.346654697218482e+34
73.7952251562183,4.241103405421977e+26,3.346654697218482e+34
75.18717702322999,4.241103405421977e+26,3.346654697218482e+34
76.6050333513357,4.241103405421977e+26,3.346654697218482e+34
78.0492762269642,4.241103405421977e+26,3.346654697218482e+34
79.5203967082547,4.241103405421977e+26,3.346654697218482e+34
81.01889499202213,4.241103405421977e+26,3.346654697218482e+34
82.54528058382871,4.241103405421977e+26,3.346654697218482e+34
84.10007247122246,4.241103405421977e+26,3.346654697218482e+34
85.68379930019773,4.241103405421977e+26,3.346654697218482e+34
87.29699955494081,4.241103405421977e+26,3.346654697218482e+34
88.94022174092052,4.241103405421977e+26,3.346654697218482e+34
90.61402457138522,4.241103405421977e+26,3.346654697218482e+34
92.3189771573324,4.241103405421977e+26,3.346654697218482e+34
94.05565920101192,4.241103405421977e+26,3.346654697218482e+34
95.82466119303116,4.241103405421977e+26,3.346654697218482e+34
97.62658461312832,4.241103405421977e+26,3.346654697218482e+34
99.46204213468133,4.241103405421977e+26,3.346654697218482e+34
101.3316578330245,4.241103405421977e+26,3.346654697218482e+34
103.23606739764011,4.241103405421977e+26,3.346654697218482e+34
105.17591834829992,4.241103405421977e+26,3.346654697218482e+34
107.15187025522891,4.241103405421977e+26,3.346654697218482e+34
109.1645949633657,4.241103405421977e+26,3.346654697218482e+34
111.21477682079804,4.241103405421977e+26,3.346654697218482e+34
113.30311291144784,4.241103405421977e+26,3.346654697218482e+34
115.43031329208756,4.241103405421977e+26,3.346654697218482e+34
117.59710123376708,4.241103405421977e+26,3.346654697218482e+34
119.8042134677329,4.241103405421977e+26,3.346654697218482e+34
122.05240043592616,4.241103405421977e+26,3.346654697218482e+34
124.34242654613996,4.241103405421977e+26,3.346654697218482e+34
126.67507043192646,4.241103405421977e+26,3.346654697218482e+34
129.05112521734097,4.241103405421977e+26,3.346654697218482e+34
131.47139878661173,4.241103405421977e+26,3.346654697218482e+34
133.93671405883066,4.241103405421977e+26,3.346654697218482e+34
136.4479092677537,4.241103405421977e+26,3.346654697218482e+34
139.0058382468099,4.241103405421977e+26,3.346654697218482e+34
141.61137071941295,4.241103405421977e+26,3.346654697218482e+34
144.2653925946781,4.241103405421977e+26,3.346654697218482e+34
146.96880626863964,4.241103405421977e+26,3.346654697218482e+34
149.72253093107557,4.241103405421977e+26,3.346654697218482e+34
152.52750287804244,4.241103405421977e+26,3.346654697218482e+34
155.38467583022478,4.241103405421977e+26,3.346654697218482e+34
158.2950212572123,4.241103405421977e+26,3.346654697218482e+34
161.2595287078087,4.241103405421977e+26,3.346654697218482e+34
164.2792061464894,4.241103405421977e+26,3.346654697218482e+34
167.3550802961204,4.241103405421977e+26,3.346654697218482e+34
170.48819698705407,4.241103405421977e+26,3.346654697218482e+34
173.67962151272454,4.241103405421977e+26,3.346654697218482e+34
176.9304389918577,4.241103405421977e+26,3.346654697218482e+34
180.2417547374236,4.241103405421977e+26,3.346654697218482e+34
183.61469463245496,4.241103405421977e+26,3.346654697218482e+34
187.0504055128584,4.241103405421977e+26,3.346654697218482e+34
190.5500555573528,4.241103405421977e+26,3.346654697218482e+34
194.11483468466164,4.241103405421977e+26,3.346654697218482e+34
197.74595495809817,4.241103405421977e+26,3.346654697218482e+34
201.44465099768055,4.241103405421977e+26,3.346654697218482e+34
205.21218039991447,4.241103405421977e+26,3.346654697218482e+34
209.0498241653916,4.241103405421977e+26,3.346654697218482e+34
212.95888713434212,4.241103405421977e+26,3.346654697218482e+34
216.9406984302954,4.241103405421977e+26,3.346654697218482e+34
220.99661191199573,4.241103405421977e+26,3.346654697218482e+34
225.12800663372795,4.241103405421977e+26,3.346654697218482e+34
229.3362873142131,4.241103405421977e+26,3.346654697218482e+34
233.6228848142262,4.241103405421977e+26,3.346654697218482e+34
237.9892566231048,4.241103405421977e+26,3.346654697218482e+34
242.4368873543113,4.241103405421977e+26,3.346654697218482e+34
246.96728925021603,4.241103405421977e+26,3.346654697218482e+34
251.5820026962785,4.241103405421977e+26,3.346654697218482e+34
256.2825967447932,4.241103405421977e+26,3.346654697218482e+34
261.070669648385,4.241103405421977e+26,3.346654697218482e+34
265.9478494034324,4.241103405421977e+26,3.346654697218482e+34
270.9157943036019,4.241103405421977e+26,3.346654697218482e+34
275.9761935036891,4.241103405421977e+26,3.346654697218482e+34
281.1307675939471,4.241103405421977e+26,3.346654697218482e+34
286.3812691851064,4.241103405421977e+26,3.346654697218482e+34
291.7294835042819,4.241103405421977e+26,3.346654697218482e+34
297.17722900196736,4.241103405421977e+26,3.346654697218482e+34
302.7263579703312,4.241103405421977e+26,3.346654697218482e+34
308.37875717301364,4.241103405421977e+26,3.346654697218482e+34
314.1363484866476,4.241103405421977e+26,3.346654697218482e+34
320.0010895543176,4.241103405421977e+26,3.346654697218482e+34
325.9749744511768,4.241103405421977e+26,3.346654697218482e+34
332.06003436245885,4.241103405421977e+26,3.346654697218482e+34
338.25833827409923,4.241103405421977e+26,3.346654697218482e+34
344.5719936762136,4.241103405421977e+26,3.346654697218482e+34
351.0031472796682,4.241103405421977e+26,3.346654697218482e+34
357.55398574598166,4.241103405421977e+26,3.346654697218482e+34
364.2267364308176,4.241103405421977e+26,3.346654697218482e+34
371.0236681413066,4.241103405421977e+26,3.346654697218482e+34
377.9470919074664,4.241103405421977e+26,3.346654697218482e+34
384.9993617679771,4.241103405421977e+26,3.346654697218482e+34
392.182875570577,4.241103405421977e+26,3.346654697218482e+34
399.50007578736114,4.241103405421977e+26,3.346654697218482e+34
406.9534503452449,4.241103405421977e+26,3.346654697218482e+34
414.545533471888,4.241103405421977e+26,3.346654697218482e+34
422.27890655735536,4.241103405421977e+26,3.346654697218482e+34
430.1561990318229,4.241103405421977e+26,3.346654697218482e+34
438.1800892596086,4.241103405421977e+26,3.346654697218482e+34
446.3533054498464,4.241103405421977e+26,3.346654697218482e+34
454.6786265841069,4.241103405421977e+26,3.346654697218482e+34
463.15888336127824,4.241103405421977e+26,3.346654697218482e+34
471.7969591600392,4.241103405421977e+26,3.346654697218482e+34
480.5957910192351,4.241103405421977e+26,3.346654697218482e+34
489.55837063650455,4.241103405421977e+26,3.346654697218482e+34
498.6877453854889,4.241103405421977e+26,3.346654697218482e+34
507.9870193519685,4.241103405421977e+26,3.346654697218482e+34
517.4593543892913,4.241103405421977e+26,3.346654697218482e+34
527.1079711934331,4.241103405421977e+26,3.346654697218482e+34
536.9361503980698,4.241103405421977e+26,3.346654697218482e+34
546.9472336900293,4.241103405421977e+26,3.346654697218482e+34
557.1446249454966,4.241103405421977e+26,3.346654697218482e+34
567.5317913873754,4.241103405421977e+26,3.346654697218482e+34
578.1122647641758,4.241103405421977e+26,3.346654697218482e+34
588.8896425508494,4.241103405421977e+26,3.346654697218482e+34
599.8675891719694,4.241103405421977e+26,3.346654697218482e+34
611.0498372476703,4.241103405421977e+26,3.346654697218482e+34
622.4401888627864,4.241103405421977e+26,3.346654697218482e+34
634.0425168595963,4.241103405421977e+26,3.346654697218482e+34
645.8607661546321,4.241103405421977e+26,3.346654697218482e+34
657.8989550799956,4.241103405421977e+26,3.346654697218482e+34
670.1611767496287,4.241103405421977e+26,3.346654697218482e+34
682.6516004510238,4.241103405421977e+26,3.346654697218482e+34
695.3744730628222,4.241103405421977e+26,3.346654697218482e+34
708.3341204987989,4.241103405421977e+26,3.346654697218482e+34
721.5349491787222,4.241103405421977e+26,3.346654697218482e+34
734.9814475265771,4.241103405421977e+26,3.346654697218482e+34
748.6781874966877,4.241103405421977e+26,3.346654697218482e+34
762.6298261282243,4.241103405421977e+26,3.346654697218482e+34
776.8411071286482,4.241103405421977e+26,3.346654697218482e+34
791.3168624866263,4.241103405421977e+26,3.346654697218482e+34
806.0620141149508,4.241103405421977e+26,3.346654697218482e+34
821.0815755240541,4.241103405421977e+26,3.346654697218482e+34
836.380653526649,4.241103405421977e+26,3.346654697218482e+34
851.9644499741017,4.241103405421977e+26,3.346654697218482e+34
867.8382635251194,4.241103405421977e+26,3.346654697218482e+34
884.007491447344,4.241103405421977e+26,3.346654697218482e+34
900.4776314524918,4.241103405421977e+26,3.346654697218482e+34
917.2542835656282,4.241103405421977e+26,3.346654697218482e+34
934.3431520292376,4.241103405421977e+26,3.346654697218482e+34
951.75004724273,4.241103405421977e+26,3.346654697218482e+34
969.4808877380308,4.241103405421977e+26,3.346654697218482e+34
987.5417021919574,4.241103405421977e+26,3.346654697218482e+34
1005.9386314760272,4.241103405421977e+26,3.346654697218482e+34
1024.6779307444208,4.241103405421977e+26,3.346654697218482e+34
1043.7659715608052,4.241103405421977e+26,3.346654697218482e+34
1063.2092440647243,4.241103405421977e+26,3.346654697218482e+34
1083.014359178331,4.241103405421977e+26,3.346654697218482e+34
1103.18805085416,4.241103405421977e+26,3.346654697218482e+34
1123.737178364751,4.241103405421977e+26,3.346654697218482e+34
1144.6687286348729,4.241103405421977e+26,3.346654697218482e+34
1165.9898186171474,4.241103405421977e+26,3.346654697218482e+34
1187.7076977119034,4.241103405421977e+26,3.346654697218482e+34
1209.8297502320395,4.241103405421977e+26,3.346654697218482e+34
1232.3634979137748,4.241103405421977e+26,3.346654697218482e+34
1255.3166024741215,4.241103405421977e+26,3.346654697218482e+34
1278.6968682159418,4.241103405421977e+26,3.346654697218482e+34
1302.512244681509,4.241103405421977e+26,3.346654697218482e+34
1326.770829355429,4.241103405421977e+26,3.346654697218482e+34
1351.480870417874,4.241103405421977e+26,3.346654697218482e+34
1376.6507695490548,4.241103405421977e+26,3.346654697218482e+34
1402.289084785873,4.241103405421977e+26,3.346654697218482e+34
1428.4045334317611,4.241103405421977e+26,3.346654697218482e+34
1455.0059950206487,4.241103405421977e+26,3.346654697218482e+34
1482.1025143361062,4.241103405421977e+26,3.346654697218482e+34
1509.7033044866555,4.241103405421977e+26,3.346654697218482e+34
1537.8177500383465,4.241103405421977e+26,3.346654697218482e+34
1566.455410205595,4.241103405421977e+26,3.346654697218482e+34
1595.6260221014252,4.241103405421977e+26,3.346654697218482e+34
1625.339504048194,4.241103405421977e+26,3.346654697218482e+34
1655.6059589499152,4.241103405421977e+26,3.346654697218482e+34
1686.4356777273756,4.241103405421977e+26,3.346654697218482e+34
1717.8391428171456,4.241103405421977e+26,3.346654697218482e+34
1749.8270317357235,4.241103405421977e+26,3.346654697218482e+34
1782.41022071001,4.241103405421977e+26,3.346654697218482e+34
1815.599788375329,4.241103405421977e+26,3.346654697218482e+34
1849.407019542302,4.241103405421977e+26,3.346654697218482e+34
1883.8434090337955,4.241103405421977e+26,3.346654697218482e+34
1918.9206655932828,4.241103405421977e+26,3.346654697218482e+34
1954.6507158659515,4.241103405421977e+26,3.346654697218482e+34
1991.0457084538712,4.241103405421977e+26,3.346654697218482e+34
2028.1180180466783,4.241103405421977e+26,3.346654697218482e+34
2065.880249629082,4.241103405421977e+26,3.346654697218482e+34
2104.345242766704,4.241103405421977e+26,3.346654697218482e+34
2143.52607597167,4.241103405421977e+26,3.346654697218482e+34
2183.436071149428,4.241103405421977e+26,3.346654697218482e+34
2224.088798128369,4.241103405421977e+26,3.346654697218482e+34
2265.498079273693,4.241103405421977e+26,3.346654697218482e+34
2307.6779941871678,4.241103405421977e+26,3.346654697218482e+34
2350.642884494351,4.241103405421977e+26,3.346654697218482e+34
2394.4073587208795,4.241103405421977e+26,3.346654697218482e+34
2438.98629725955,4.241103405421977e+26,3.346654697218482e+34
2484.3948574297983,4.241103405421977e+26,3.346654697218482e+34
2530.648478631353,4.241103405421977e+26,3.346654697218482e+34
2577.762887593804,4.241103405421977e+26,3.346654697218482e+34
2625.7541037238384,4.241103405421977e+26,3.346654697218482e+34
2674.6384445520453,4.241103405421977e+26,3.346654697218482e+34
2724.4325312810274,4.241103405421977e+26,3.346654697218482e+34
2775.1532944367978,4.241103405421977e+26,3.346654697218482e+34
2826.817979625344,4.241103405421977e+26,3.346654697218482e+34
2879.4441533962977,4.241103405421977e+26,3.346654697218482e+34
2933.0497092157875,4.241103405421977e+26,3.346654697218482e+34
2987.652873550383,4.241103405421977e+26,3.346654697218482e+34
3043.2722120643,4.241103405421977e+26,3.346654697218482e+34
3099.92663593193,4.241103405421977e+26,3.346654697218482e+34
3157.635408267819,4.241103405421977e+26,3.346654697218482e+34
3216.418150676372,4.241103405421977e+26,3.346654697218482e+34
3276.294849923382,4.241103405421977e+26,3.346654697218482e+34
3337.2858647317576,4.241103405421977e+26,3.346654697218482e+34
3399.4119327037097,4.241103405421977e+26,3.346654697218482e+34
3462.6941773717344,4.241103405421977e+26,3.346654697218482e+34
3527.154115380883,4.241103405421977e+26,3.346654697218482e+34
3592.813663804626,4.241103405421977e+26,3.346654697218482e+34
3659.695147596899,4.241103405421977e+26,3.346654697218482e+34
3727.8213071828377,4.241103405421977e+26,3.346654697218482e+34
3797.215306190737,4.241103405421977e+26,3.346654697218482e+34
3867.900739327976,4.241103405421977e+26,3.346654697218482e+34
3939.901640403448,4.241103405421977e+26,3.346654697218482e+34
4013.242490499318,4.241103405421977e+26,3.346654697218482e+34
4087.948226294865,4.241103405421977e+26,3.346654697218482e+34
4164.044248545185,4.241103405421977e+26,3.346654697218482e+34
4241.556430717777,4.241103405421977e+26,3.346654697218482e+34
4320.511127789762,4.241103405421977e+26,3.346654697218482e+34
4400.935185208879,4.241103405421977e+26,3.346654697218482e+34
4482.855948021191,4.241103405421977e+26,3.346654697218482e+34
4566.301270168747,4.241103405421977e+26,3.346654697218482e+34
4651.29952396019,4.241103405421977e+26,3.346654697218482e+34
4737.879609717651,4.241103405421977e+26,3.346654697218482e+34
4826.070965603189,4.241103405421977e+26,3.346654697218482e+34
4915.903577628032,4.241103405421977e+26,3.346654697218482e+34
5007.407989848212,4.241103405421977e+26,3.346654697218482e+34
5100.615314749834,4.241103405421977e+26,3.346654697218482e+34
5195.557243827658,4.241103405421977e+26,3.346654697218482e+34
5292.266058360568,4.241103405421977e+26,3.346654697218482e+34
5390.774640387505,4.241103405421977e+26,3.346654697218482e+34
5491.1164838877885,4.241103405421977e+26,3.346654697218482e+34
5593.325706169378,4.241103405421977e+26,3.346654697218482e+34
5697.437059469135,4.241103405421977e+26,3.346654697218482e+34
5803.485942768984,4.241103405421977e+26,3.346654697218482e+34
5911.508413831882,4.241103405421977e+26,3.346654697218482e+34
6021.541201461928,4.241103405421977e+26,3.346654697218482e+34
6133.621717992506,4.241103405421977e+26,3.346654697218482e+34
6247.788072006888,4.241103405421977e+26,3.346654697218482e+34
6364.079081295578,4.241103405421977e+26,3.346654697218482e+34
6482.534286054727,4.241103405421977e+26,3.346654697218482e+34
6603.193962330305,4.241103405421977e+26,3.346654697218482e+34
6726.099135712337,4.241103405421977e+26,3.346654697218482e+34
6851.291595284058,4.241103405421977e+26,3.346654697218482e+34
6978.813907830668,4.241103405421977e+26,3.346654697218482e+34
7108.709432312439,4.241103405421977e+26,3.346654697218482e+34
7241.022334607315,4.241103405421977e+26,3.346654697218482e+34
7375.79760252773,4.241103405421977e+26,3.346654697218482e+34
7513.081061116963,4.241103405421977e+26,3.346654697218482e+34
7652.919388230155,4.241103405421977e+26,3.346654697218482e+34
7795.360130405236,4.241103405421977e+26,3.346654697218482e+34
7940.45171902934,4.241103405421977e+26,3.346654697218482e+34
8088.243486805938,4.241103405421977e+26,3.346654697218482e+34
8238.785684528511,4.241103405421977e+26,3.346654697218482e+34
8392.129498166372,4.241103405421977e+26,3.346654697218482e+34
8548.327066268384,4.241103405421977e+26,3.346654697218482e+34
8707.431497690724,4.241103405421977e+26,3.346654697218482e+34
8869.496889654403,4.241103405421977e+26,3.346654697218482e+34
9034.57834613892,4.241103405421977e+26,3.346654697218482e+34
9202.73199661823,4.241103405421977e+26,3.346654697218482e+34
9374.01501514529,4.241103405421977e+26,3.346654697218482e+34
9548.485639791968,4.241103405421977e+26,3.346654697218482e+34
9726.203192450535,4.241103405421977e+26,3.346654697218482e+34
9907.228099003789,4.241103405421977e+26,3.346654697218482e+34
10091.621909870484,4.241103405421977e+26,3.346654697218482e+34
10279.447320933095,4.241103405421977e+26,3.346654697218482e+34
10470.768194855204,4.241103405421977e+26,3.346654697218482e+34
10665.649582795388,4.241103405421977e+26,3.346654697218482e+34
10864.157746525372,4.241103405421977e+26,3.346654697218482e+34
11066.360180959744,4.241103405421977e+26,3.346654697218482e+34
11272.32563710487,4.241103405421977e+26,3.346654697218482e+34
11482.12414543511,4.241103405421977e+26,3.346654697218482e+34
11695.827039703872,4.241103405421977e+26,3.346654697218482e+34
11913.506981197748,4.241103405421977e+26,3.346654697218482e+34
12135.23798344242,4.241103405421977e+26,3.346654697218482e+34
12361.09543736769,4.241103405421977e+26,3.346654697218482e+34
12591.15613694151,4.241103405421977e+26,3.346654697218482e+34
12825.498305280626,4.241103405421977e+26,3.346654697218482e+34
13064.2016212472,4.241103405421977e+26,3.346654697218482e+34
13307.34724654076,4.241103405421977e+26,3.346654697218482e+34
13555.017853293692,4.241103405421977e+26,3.346654697218482e+34
13807.297652180923,4.241103405421977e+26,3.346654697218482e+34
14064.272421052394,4.241103405421977e+26,3.346654697218482e+34
14326.029534098296,4.241103405421977e+26,3.346654697218482e+34
14592.657991557577,4.241103405421977e+26,3.346654697218482e+34
14864.248449978571,4.241103405421977e+26,3.346654697218482e+34
15140.89325304352,4.241103405421977e+26,3.346654697218482e+34
15422.686462966309,4.241103405421977e+26,3.346654697218482e+34
15709.72389247449,4.241103405421977e+26,3.346654697218482e+34
16002.103137387016,4.241103405421977e+26,3.346654697218482e+34
16299.92360979741,4.241103405421977e+26,3.346654697218482e+34
16603.286571875295,4.241103405421977e+26,3.346654697218482e+34
16912.295170296504,4.241103405421977e+26,3.346654697218482e+34
17227.054471313924,4.241103405421977e+26,3.346654697218482e+34
17547.671496481522,4.241103405421977e+26,3.346654697218482e+34
17874.255259042355,4.241103405421977e+26,3.346654697218482e+34
18206.916800994622,4.241103405421977e+26,3.346654697218482e+34
18545.76923084701,4.241103405421977e+26,3.346654697218482e+34
18890.927762076644,4.241103405421977e+26,3.346654697218482e+34
19242.50975230332,4.241103405421977e+26,3.346654697218482e+34
19600.63474319186,4.241103405421977e+26,3.346654697218482e+34
19965.424501097936,4.241103405421977e+26,3.346654697218482e+34
20337.003058469843,4.241103405421977e+26,3.346654697218482e+34
20715.496756020668,4.241103405421977e+26,3.346654697218482e+34
21101.034285685964,4.241103405421977e+26,3.346654697218482e+34
21493.746734379805,4.241103405421977e+26,3.346654697218482e+34
21893.76762856621,4.241103405421977e+26,3.346654697218482e+34
22301.23297965941,4.241103405421977e+26,3.346654697218482e+34
22716.281330269027,4.241103405421977e+26,3.346654697218482e+34
23139.05380130654,4.241103405421977e+26,3.346654697218482e+34
23569.69413996728,4.241103405421977e+26,3.346654697218482e+34
24008.34876860652,4.241103405421977e+26,3.346654697218482e+34
24455.16683452449,4.241103405421977e+26,3.346654697218482e+34
24910.30026067786,4.241103405421977e+26,3.346654697218482e+34
25373.903797335715,4.241103405421977e+26,3.346654697218482e+34
25846.13507469564,4.241103405421977e+26,3.346654697218482e+34
26327.1546564802,4.241103405421977e+26,3.346654697218482e+34
26817.126094530187,4.241103405421977e+26,3.346654697218482e+34
27316.21598441373,4.241103405421977e+26,3.346654697218482e+34
27824.59402207126,4.241103405421977e+26,3.346654697218482e+34
28342.433061513097,4.241103405421977e+26,3.346654697218482e+34
28869.909173592343,4.241103405421977e+26,3.346654697218482e+34
29407.201705870662,4.241103405421977e+26,3.346654697218482e+34
29954.493343598104,4.241103405421977e+26,3.346654697218482e+34
30511.97017182871,4.241103405421977e+26,3.346654697218482e+34
31079.82173869064,4.241103405421977e+26,3.346654697218482e+34
31658.24111983521,4.241103405421977e+26,3.346654697218482e+34
32247.424984084457,4.241103405421977e+26,3.346654697218482e+34
32847.5736603004,4.241103405421977e+26,3.346654697218482e+34
33458.89120549975,4.241103405421977e+26,3.346654697218482e+34
34081.58547423452,4.241103405421977e+26,3.346654697218482e+34
34715.868189265595,4.241103405421977e+26,3.346654697218482e+34
35361.95501355046,4.241103405421977e+26,3.346654697218482e+34
36020.06562357066,4.241103405421977e+26,3.346654697218482e+34
36690.42378402494,4.241103405421977e+26,3.346654697218482e+34
37373.25742391065,4.241103405421977e+26,3.346654697218482e+34
38068.79871402284,4.241103405421977e+26,3.346654697218482e+34
38777.28414589461,4.241103405421977e+26,3.346654697218482e+34
39498.95461220639,4.241103405421977e+26,3.346654697218482e+34
40234.05548869293,4.241103405421977e+26,3.346654697218482e+34
40982.836717572616,4.241103405421977e+26,3.346654697218482e+34
41745.55289253135,4.241103405421977e+26,3.346654697218482e+34
42522.46334528686,4.241103405421977e+26,3.346654697218482e+34
43313.83223376394,4.241103405421977e+26,3.346654697218482e+34
44119.9286319119,4.241103405421977e+26,3.346654697218482e+34
44941.02662119142,4.241103405421977e+26,3.346654697218482e+34
45777.40538376616,4.241103405421977e+26,3.346654697218482e+34
46629.34929742737,4.241103405421977e+26,3.346654697218482e+34
47497.14803228495,4.241103405421977e+26,3.346654697218482e+34
48381.096649259576,4.241103405421977e+26,3.346654697218482e+34
49281.49570040513,4.241103405421977e+26,3.346654697218482e+34
50198.6513311008,4.241103405421977e+26,3.346654697218482e+34
51132.87538414331,4.241103405421977e+26,3.346654697218482e+34
52084.48550577655,4.241103405421977e+26,3.346654697218482e+34
53053.80525369574,4.241103405421977e+26,3.346654697218482e+34
54041.16420705916,4.241103405421977e+26,3.346654697218482e+34
55046.89807854968,4.241103405421977e+26,3.346654697218482e+34
56071.34882852039,4.241103405421977e+26,3.346654697218482e+34
57114.86478126423,4.241103405421977e+26,3.346654697218482e+34
58177.80074344935,4.241103405421977e+26,3.346654697218482e+34
59260.51812475552,4.241103405421977e+26,3.346654697218482e+34
60363.38506075864,4.241103405421977e+26,3.346654697218482e+34
61486.7765381003,4.241103405421977e+26,3.346654697218482e+34
62631.07452198693,4.241103405421977e+26,3.346654697218482e+34
63796.668086062826,4.241103405421977e+26,3.346654697218482e+34
64983.95354469889,4.241103405421977e+26,3.346654697218482e+34
66193.33458774387,4.241103405421977e+26,3.346654697218482e+34
67425.22241778349,4.241103405421977e+26,3.346654697218482e+34
68680.03588995307,4.241103405421977e+26,3.346654697218482e+34
69958.20165435375,4.241103405421977e+26,3.346654697218482e+34
71260.15430111745,4.241103405421977e+26,3.346654697218482e+34
72586.33650817246,4.241103405421977e+26,3.346654697218482e+34
73937.19919175873,4.241103405421977e+26,3.346654697218482e+34
75313.20165974376,4.241103405421977e+26,3.346654697218482e+34
76714.81176779303,4.241103405421977e+26,3.346654697218482e+34
78142.50607844543,4.241103405421977e+26,3.346654697218482e+34
79596.77002314977,4.241103405421977e+26,3.346654697218482e+34
81078.09806731695,4.241103405421977e+26,3.346654697218482e+34
82586.99387844274,4.241103405421977e+26,3.346654697218482e+34
84123.9704973612,4.241103405421977e+26,3.346654697218482e+34
85689.55051268348,4.241103405421977e+26,3.346654697218482e+34
87284.2662384837,4.241103405421977e+26,3.346654697218482e+34
88908.65989529167,4.241103405421977e+26,3.346654697218482e+34
90563.28379445292,4.241103405421977e+26,3.346654697218482e+34
92248.70052592174,4.241103405421977e+26,3.346654697218482e+34
93965.48314954693,4.241103405421977e+26,3.346654697218482e+34
95714.21538991857,4.241103405421977e+26,3.346654697218482e+34
97495.49183484096,4.241103405421977e+26,3.346654697218482e+34
99309.918137498,4.241103405421977e+26,3.346654697218482e+34
101158.11122238298,4.241103405421977e+26,3.346654697218482e+34
103040.69949505875,4.241103405421977e+26,3.346654697218482e+34
104958.32305582266,4.241103405421977e+26,3.346654697218482e+34
106911.63391734772,4.241103405421977e+26,3.346654697218482e+34
108901.29622637304,4.241103405421977e+26,3.346654697218482e+34
110927.98648952229,4.241103405421977e+26,3.346654697218482e+34
112992.39380332216,4.241103405421977e+26,3.346654697218482e+34
115095.22008850312,4.241103405421977e+26,3.346654697218482e+34
117237.18032865998,4.241103405421977e+26,3.346654697218482e+34
119419.00281335325,4.241103405421977e+26,3.346654697218482e+34
121641.42938573682,4.241103405421977e+26,3.346654697218482e+34
123905.21569479184,4.241103405421977e+26,3.346654697218482e+34
126211.13145225462,4.241103405421977e+26,3.346654697218482e+34
128559.96069432964,4.241103405421977e+26,3.346654697218482e+34
130952.50204826676,4.241103405421977e+26,3.346654697218482e+34
133389.56900390587,4.241103405421977e+26,3.346654697218482e+34
135871.9901902712,4.241103405421977e+26,3.346654697218482e+34
138400.609657313,4.241103405421977e+26,3.346654697218482e+34
140976.28716289677,4.241103405421977e+26,3.346654697218482e+34
143599.89846512608,4.241103405421977e+26,3.346654697218482e+34
146272.335620113,4.241103405421977e+26,3.346654697218482e+34
148994.50728528568,4.241103405421977e+26,3.346654697218482e+34
151767.3390283404,4.241103405421977e+26,3.346654697218482e+34
154591.77364194786,4.241103405421977e+26,3.346654697218482e+34
157468.77146430867,4.241103405421977e+26,3.346654697218482e+34
160399.310705682,4.241103405421977e+26,3.346654697218482e+34
163384.38778098638,4.241103405421977e+26,3.346654697218482e+34
166425.0176485902,4.241103405421977e+26,3.346654697218482e+34
169522.23415541215,4.241103405421977e+26,3.346654697218482e+34
172677.09038843558,4.241103405421977e+26,3.346654697218482e+34
175890.65903277326,4.241103405421977e+26,3.346654697218482e+34
179164.0327363903,4.241103405421977e+26,3.346654697218482e+34
182498.32448161504,4.241103405421977e+26,3.346654697218482e+34
185894.6679635688,4.241103405421977e+26,3.346654697218482e+34
189354.21797562952,4.241103405421977e+26,3.346654697218482e+34
192878.15080207775,4.241103405421977e+26,3.346654697218482e+34
196467.6646180449,4.241103405421977e+26,3.346654697218482e+34
200123.9798969035,4.241103405421977e+26,3.346654697218482e+34
203848.3398252464,4.241103405421977e+26,3.346654697218482e+34
207642.0107255775,4.241103405421977e+26,3.346654697218482e+34
211506.2824868795,4.241103405421977e+26,3.346654697218482e+34
215442.46900318863,4.241103405421977e+26,3.346654697218482e+34
219451.90862033117,4.241103405421977e+26,3.346654697218482e+34
223535.96459097965,4.241103405421977e+26,3.346654697218482e+34
227696.02553816803,4.241103405421977e+26,3.346654697218482e+34
231933.50592744275,4.241103405421977e+26,3.346654697218482e+34
236249.846547795,4.241103405421977e+26,3.346654697218482e+34
240646.51500154223,4.241103405421977e+26,3.346654697218482e+34
245125.006203334,4.241103405421977e+26,3.346654697218482e+34
249686.84288843267,4.241103405421977e+26,3.346654697218482e+34
254333.5761304648,4.241103405421977e+26,3.346654697218482e+34
259066.7858688012,4.241103405421977e+26,3.346654697218482e+34
263888.0814457507,4.241103405421977e+26,3.346654697218482e+34
268799.1021537608,4.241103405421977e+26,3.346654697218482e+34
273801.5177927858,4.241103405421977e+26,3.346654697218482e+34
278897.029238044,4.241103405421977e+26,3.346654697218482e+34
284087.3690183307,4.241103405421977e+26,3.346654697218482e+34
289374.3019050947,4.241103405421977e+26,3.346654697218482e+34
294759.62551248586,4.241103405421977e+26,3.346654697218482e+34
300245.1709085549,4.241103405421977e+26,3.346654697218482e+34
305832.80323784315,4.241103405421977e+26,3.346654697218482e+34
311524.4223555491,4.241103405421977e+26,3.346654697218482e+34
317321.9634734973,4.241103405421977e+26,3.346654697218482e+34
323227.39781813807,4.241103405421977e+26,3.346654697218482e+34
329242.7333007769,4.241103405421977e+26,3.346654697218482e+34
335370.0152002929,4.241103405421977e+26,3.346654697218482e+34
341611.3268585532,4.241103405421977e+26,3.346654697218482e+34
347968.7903887688,4.241103405421977e+26,3.346654697218482e+34
354444.5673970435,4.241103405421977e+26,3.346654697218482e+34
361040.8597173337,4.241103405421977e+26,3.346654697218482e+34
367759.9101601031,4.241103405421977e+26,3.346654697218482e+34
374604.0032748997,4.241103405421977e+26,3.346654697218482e+34
381575.4661271245,4.241103405421977e+26,3.346654697218482e+34
388676.66908926674,4.241103405421977e+26,3.346654697218482e+34
395910.02664684586,4.241103405421977e+26,3.346654697218482e+34
403277.9982193705,4.241103405421977e+26,3.346654697218482e+34
410783.08899656514,4.241103405421977e+26,3.346654697218482e+34
418427.8507901576,4.241103405421977e+26,3.346654697218482e+34
426214.8829015325,4.241103405421977e+26,3.346654697218482e+34
434146.8330055093,4.241103405421977e+26,3.346654697218482e+34
442226.3980505897,4.241103405421977e+26,3.346654697218482e+34
450456.3251759463,4.241103405421977e+26,3.346654697218482e+34
458839.4126454752,4.241103405421977e+26,3.346654697218482e+34
467378.5107992463,4.241103405421977e+26,3.346654697218482e+34
476076.5230226368,4.241103405421977e+26,3.346654697218482e+34
484936.4067335233,4.241103405421977e+26,3.346654697218482e+34
493961.17438783264,4.241103405421977e+26,3.346654697218482e+34
503153.8945038046,4.241103405421977e+26,3.346654697218482e+34
512517.6927053333,4.241103405421977e+26,3.346654697218482e+34
522055.7527846975,4.241103405421977e+26,3.346654697218482e+34
531771.3177850966,4.241103405421977e+26,3.346654697218482e+34
541667.6911033157,4.241103405421977e+26,3.346654697218482e+34
551748.2376129117,4.241103405421977e+26,3.346654697218482e+34
562016.3848083188,4.241103405421977e+26,3.346654697218482e+34
572475.6239702179,4.241103405421977e+26,3.346654697218482e+34
583129.5113526218,4.241103405421977e+26,3.346654697218482e+34
593981.6693920363,4.241103405421977e+26,3.346654697218482e+34
605035.7879391212,4.241103405421977e+26,3.346654697218482e+34
616295.6255132942,4.241103405421977e+26,3.346654697218482e+34
627765.01058065,4.241103405421977e+26,3.346654697218482e+34
639447.8428556937,4.241103405421977e+26,3.346654697218482e+34
651348.094627281,4.241103405421977e+26,3.346654697218482e+34
663469.8121092351,4.241103405421977e+26,3.346654697218482e+34
675817.116816111,4.241103405421977e+26,3.346654697218482e+34
688394.2069645496,4.241103405421977e+26,3.346654697218482e+34
701205.3589007177,4.241103405421977e+26,3.346654697218482e+34
714254.9285543134,4.241103405421977e+26,3.346654697218482e+34
727547.3529196233,4.241103405421977e+26,3.346654697218482e+34
741087.151564157,4.241103405421977e+26,3.346654697218482e+34
754878.9281653431,4.241103405421977e+26,3.346654697218482e+34
768927.3720758307,4.241103405421977e+26,3.346654697218482e+34
783237.2599179205,4.241103405421977e+26,3.346654697218482e+34
797813.457207663,4.241103405421977e+26,3.346654697218482e+34
812660.9200091945,4.241103405421977e+26,3.346654697218482e+34
827784.6966198472,4.241103405421977e+26,3.346654697218482e+34
843189.9292866251,4.241103405421977e+26,3.346654697218482e+34
858881.8559546259,4.241103405421977e+26,3.346654697218482e+34
874865.8120479914,4.241103405421977e+26,3.346654697218482e+34
891147.2322840203,4.241103405421977e+26,3.346654697218482e+34
907731.6525210224,4.241103405421977e+26,3.346654697218482e+34
924624.7116405732,4.241103405421977e+26,3.346654697218482e+34
941832.153464796,4.241103405421977e+26,3.346654697218482e+34
959359.8287093146,4.241103405421977e+26,3.346654697218482e+34
977213.6969725726,4.241103405421977e+26,3.346654697218482e+34
995399.828762152,4.241103405421977e+26,3.346654697218482e+34
1013924.4075588144,4.241103405421977e+26,3.346654697218482e+34
1032793.7319189524,4.241103405421977e+26,3.346654697218482e+34
1052014.217616159,4.241103405421977e+26,3.346654697218482e+34
1071592.399822671,4.241103405421977e+26,3.346654697218482e+34
1091534.935331391,4.241103405421977e+26,3.346654697218482e+34
1111848.60481927,4.241103405421977e+26,3.346654697218482e+34
1132540.3151528127,4.241103405421977e+26,3.346654697218482e+34
1153617.1017364785,4.241103405421977e+26,3.346654697218482e+34
1175086.1309048077,4.241103405421977e+26,3.346654697218482e+34
1196954.7023590428,4.241103405421977e+26,3.346654697218482e+34
1219230.2516491096,4.241103405421977e+26,3.346654697218482e+34
1241920.3527017848,4.241103405421977e+26,3.346654697218482e+34
1265032.7203959038,4.241103405421977e+26,3.346654697218482e+34
1288575.213185518,4.241103405421977e+26,3.346654697218482e+34
1312555.8357718429,4.241103405421977e+26,3.346654697218482e+34
1336982.7418249452,4.241103405421977e+26,3.346654697218482e+34
1361864.2367560829,4.241103405421977e+26,3.346654697218482e+34
1387208.780541621,4.241103405421977e+26,3.346654697218482e+34
1413024.9905995338,4.241103405421977e+26,3.346654697218482e+34
1439321.6447194065,4.241103405421977e+26,3.346654697218482e+34
1466107.684046983,4.241103405421977e+26,3.346654697218482e+34
1493392.2161242536,4.241103405421977e+26,3.346654697218482e+34
1521184.5179861048,4.241103405421977e+26,3.346654697218482e+34
1549494.0393146316,4.241103405421977e+26,3.346654697218482e+34
1578330.4056521163,4.241103405421977e+26,3.346654697218482e+34
1607703.421673822,4.241103405421977e+26,3.346654697218482e+34
1637623.074521689,4.241103405421977e+26,3.346654697218482e+34
1668099.5372000593,4.241103405421977e+26,3.346654697218482e+34
1699143.172034626,4.241103405421977e+26,3.346654697218482e+34
1730764.5341957242,4.241103405421977e+26,3.346654697218482e+34
1762974.3752872038,4.241103405421977e+26,3.346654697218482e+34
1795783.6470020968,4.241103405421977e+26,3.346654697218482e+34
1829203.504846294,4.241103405421977e+26,3.346654697218482e+34
1863245.31193156,4.241103405421977e+26,3.346654697218482e+34
1897920.6428390995,4.241103405421977e+26,3.346654697218482e+34
1933241.2875550436,4.241103405421977e+26,3.346654697218482e+34
1969219.2554791733,4.241103405421977e+26,3.346654697218482e+34
2005866.7795082345,4.241103405421977e+26,3.346654697218482e+34
2043196.3201952707,4.241103405421977e+26,3.346654697218482e+34
2081220.569986337,4.241103405421977e+26,3.346654697218482e+34
2119952.4575360687,4.241103405421977e+26,3.346654697218482e+34
2159405.1521035675,4.241103405421977e+26,3.346654697218482e+34
2199592.0680300747,4.241103405421977e+26,3.346654697218482e+34
2240526.869300018,4.241103405421977e+26,3.346654697218482e+34
2282223.4741868963,4.241103405421977e+26,3.346654697218482e+34
2324696.0599856456,4.241103405421977e+26,3.346654697218482e+34
2367959.0678330786,4.241103405421977e+26,3.346654697218482e+34
2412027.207618007,4.241103405421977e+26,3.346654697218482e+34
2456915.46298279,4.241103405421977e+26,3.346654697218482e+34
2502639.096417922,4.241103405421977e+26,3.346654697218482e+34
2549213.6544514205,4.241103405421977e+26,3.346654697218482e+34
2596654.972934873,4.241103405421977e+26,3.346654697218482e+34
2644979.18242772,4.241103405421977e+26,3.346654697218482e+34
2694202.7136818827,4.241103405421977e+26,3.346654697218482e+34
2744342.303228368,4.241103405421977e+26,3.346654697218482e+34
2795414.9990678537,4.241103405421977e+26,3.346654697218482e+34
2847438.1664672475,4.241103405421977e+26,3.346654697218482e+34
2900429.4938639915,4.241103405421977e+26,3.346654697218482e+34
2954406.99888038,4.241103405421977e+26,3.346654697218482e+34
3009389.0344497245,4.241103405421977e+26,3.346654697218482e+34
3065394.295056524,4.241103405421977e+26,3.346654697218482e+34
3122441.8230928583,4.241103405421977e+26,3.346654697218482e+34
3180551.01533292,4.241103405421977e+26,3.346654697218482e+34
3239741.629528196,4.241103405421977e+26,3.346654697218482e+34
3300033.7911252887,4.241103405421977e+26,3.346654697218482e+34
3361448.0001087617,4.241103405421977e+26,3.346654697218482e+34
3424005.137971426,4.241103405421977e+26,3.346654697218482e+34
3487726.474814178,4.241103405421977e+26,3.346654697218482e+34
3552633.6765781394,4.241103405421977e+26,3.346654697218482e+34
3618748.812411285,4.241103405421977e+26,3.346654697218482e+34
3686094.362172161,4.241103405421977e+26,3.346654697218482e+34
3754693.224073337,4.241103405421977e+26,3.346654697218482e+34
3824568.722466999,4.241103405421977e+26,3.346654697218482e+34
3895744.615775501,4.241103405421977e+26,3.346654697218482e+34
3968245.1045694863,4.241103405421977e+26,3.346654697218482e+34
4042094.83979631,4.241103405421977e+26,3.346654697218482e+34
4117318.9311616793,4.241103405421977e+26,3.346654697218482e+34
4193942.9556671865,4.241103405421977e+26,3.346654697218482e+34
4271992.966306777,4.241103405421977e+26,3.346654697218482e+34
4351495.500925054,4.241103405421977e+26,3.346654697218482e+34
4432477.5912404,4.241103405421977e+26,3.346654697218482e+34
4514966.772036103,4.241103405421977e+26,3.346654697218482e+34
4598991.090522438,4.241103405421977e+26,3.346654697218482e+34
4684579.115873045,4.241103405421977e+26,3.346654697218482e+34
4771759.948938751,4.241103405421977e+26,3.346654697218482e+34
4860563.232142139,4.241103405421977e+26,3.346654697218482e+34
4951019.159556352,4.241103405421977e+26,3.346654697218482e+34
5043158.487171359,4.241103405421977e+26,3.346654697218482e+34
5137012.543351339,4.241103405421977e+26,3.346654697218482e+34
5232613.239486668,4.241103405421977e+26,3.346654697218482e+34
5329993.080844093,4.241103405421977e+26,3.346654697218482e+34
5429185.177618943,4.241103405421977e+26,3.346654697218482e+34
5530223.2561929,4.241103405421977e+26,3.346654697218482e+34
5633141.670601352,4.241103405421977e+26,3.346654697218482e+34
5737975.41421414,4.241103405421977e+26,3.346654697218482e+34
5844760.1316336375,4.241103405421977e+26,3.346654697218482e+34
5953532.13081437,4.241103405421977e+26,3.346654697218482e+34
6064328.395408062,4.241103405421977e+26,3.346654697218482e+34
6177186.597338488,4.241103405421977e+26,3.346654697218482e+34
6292145.10961035,4.241103405421977e+26,3.346654697218482e+34
6409243.019356457,4.241103405421977e+26,3.346654697218482e+34
6528520.141127847,4.241103405421977e+26,3.346654697218482e+34
6650017.030431119,4.241103405421977e+26,3.346654697218482e+34
6773774.997517745,4.241103405421977e+26,3.346654697218482e+34
6899836.121430025,4.241103405421977e+26,3.346654697218482e+34
7028243.264308354,4.241103405421977e+26,3.346654697218482e+34
7159040.085964889,4.241103405421977e+26,3.346654697218482e+34
7292271.058728313,4.241103405421977e+26,3.346654697218482e+34
7427981.48256491,4.241103405421977e+26,3.346654697218482e+34
7566217.500481062,4.241103405421977e+26,3.346654697218482e+34
7707026.114212304,4.241103405421977e+26,3.346654697218482e+34
7850455.20020451,4.241103405421977e+26,3.346654697218482e+34
7996553.525892347,4.241103405421977e+26,3.346654697218482e+34
8145370.766280737,4.241103405421977e+26,3.346654697218482e+34
8296957.520834915,4.241103405421977e+26,3.346654697218482e+34
8451365.330684721,4.241103405421977e+26,3.346654697218482e+34
8608646.696149245,4.241103405421977e+26,3.346654697218482e+34
8768855.094587427,4.241103405421977e+26,3.346654697218482e+34
8932044.998580959,4.241103405421977e+26,3.346654697218482e+34
9098271.894455569,4.241103405421977e+26,3.346654697218482e+34
9267592.301146884,4.241103405421977e+26,3.346654697218482e+34
9440063.789417604,4.241103405421977e+26,3.346654697218482e+34
9615745.001432097,4.241103405421977e+26,3.346654697218482e+34
9794695.670695389,4.241103405421977e+26,3.346654697218482e+34
9976976.642363211,4.241103405421977e+26,3.346654697218482e+34
10162649.893929953,4.241103405421977e+26,3.346654697218482e+34
10351778.55630176,4.241103405421977e+26,3.346654697218482e+34
10544426.935261684,4.241103405421977e+26,3.346654697218482e+34
10740660.533334322,4.241103405421977e+26,3.346654697218482e+34
10940546.072057435,4.241103405421977e+26,3.346654697218482e+34
11144151.514667882,4.241103405421977e+26,3.346654697218482e+34
11351546.089209989,4.241103405421977e+26,3.346654697218482e+34
11562800.312073752,4.241103405421977e+26,3.346654697218482e+34
11777986.01197118,4.241103405421977e+26,3.346654697218482e+34
11997176.354358856,4.241103405421977e+26,3.346654697218482e+34
12220445.866314886,4.241103405421977e+26,3.346654697218482e+34
12447870.461879062,4.241103405421977e+26,3.346654697218482e+34
12679527.46786434,4.241103405421977e+26,3.346654697218482e+34
12915495.650148828,4.241103405421977e+26,3.346654697218482e+34
13155855.240457052,4.241103405421977e+26,3.346654697218482e+34
13400687.963639507,4.241103405421977e+26,3.346654697218482e+34
13650077.065460138,4.241103405421977e+26,3.346654697218482e+34
13904107.340900697,4.241103405421977e+26,3.346654697218482e+34
14162865.162991976,4.241103405421977e+26,3.346654697218482e+34
14426438.51218159,4.241103405421977e+26,3.346654697218482e+34
14694917.006248174,4.241103405421977e+26,3.346654697218482e+34
14968391.930772556,4.241103405421977e+26,3.346654697218482e+34
15246956.27017573,4.241103405421977e+26,3.346654697218482e+34
15530704.739334583,4.241103405421977e+26,3.346654697218482e+34
15819733.815786015,4.241103405421977e+26,3.346654697218482e+34
16114141.7725302,4.241103405421977e+26,3.346654697218482e+34
16414028.711444665,4.241103405421977e+26,3.346654697218482e+34
16719496.597319884,4.241103405421977e+26,3.346654697218482e+34
17030649.292528424,4.241103405421977e+26,3.346654697218482e+34
17347592.592339326,4.241103405421977e+26,3.346654697218482e+34
17670434.260889467,4.241103405421977e+26,3.346654697218482e+34
17999284.067824766,4.241103405421977e+26,3.346654697218482e+34
18334253.82562289,4.241103405421977e+26,3.346654697218482e+34
18675457.42761074,4.241103405421977e+26,3.346654697218482e+34
19023010.886689454,4.241103405421977e+26,3.346654697218482e+34
19377032.37477989,4.241103405421977e+26,3.346654697218482e+34
19737642.26300256,4.241103405421977e+26,3.346654697218482e+34
20104963.16260497,4.241103405421977e+26,3.346654697218482e+34
20479119.966650832,4.241103405421977e+26,3.346654697218482e+34
20860239.89248505,4.241103405421977e+26,3.346654697218482e+34
21248452.52498883,4.241103405421977e+26,3.346654697218482e+34
21643889.860640205,4.241103405421977e+26,3.346654697218482e+34
22046686.352394074,4.241103405421977e+26,3.346654697218482e+34
22456978.95539772,4.241103405421977e+26,3.346654697218482e+34
22874907.17355704,4.241103405421977e+26,3.346654697218482e+34
23300613.106969245,4.241103405421977e+26,3.346654697218482e+34
23734241.500238664,4.241103405421977e+26,3.346654697218482e+34
24175939.791691285,4.241103405421977e+26,3.346654697218482e+34
24625858.16350544,4.241103405421977e+26,3.346654697218482e+34
25084149.59277541,4.241103405421977e+26,3.346654697218482e+34
25550969.903525077,4.241103405421977e+26,3.346654697218482e+34
26026477.819690045,4.241103405421977e+26,3.346654697218482e+34
26510835.019085363,4.241103405421977e+26,3.346654697218482e+34
27004206.18837776,4.241103405421977e+26,3.346654697218482e+34
27506759.07908068,4.241103405421977e+26,3.346654697218482e+34
28018664.564591955,4.241103405421977e+26,3.346654697218482e+34
28540096.69829238,4.241103405421977e+26,3.346654697218482e+34
29071232.77272576,4.241103405421977e+26,3.346654697218482e+34
29612253.37988037,4.241103405421977e+26,3.346654697218482e+34
30163342.472591974,4.241103405421977e+26,3.346654697218482e+34
30724687.427090038,4.241103405421977e+26,3.346654697218482e+34
31296479.106707502,4.241103405421977e+26,3.346654697218482e+34
31878911.926776428,4.241103405421977e+26,3.346654697218482e+34
32472183.92073132,4.241103405421977e+26,3.346654697218482e+34
33076496.807442427,4.241103405421977e+26,3.346654697218482e+34
33692056.059802674,4.241103405421977e+26,3.346654697218482e+34
34319070.97459043,4.241103405421977e+26,3.346654697218482e+34
34957754.74363271,4.241103405421977e+26,3.346654697218482e+34
35608324.526292816,4.241103405421977e+26,3.346654697218482e+34
36271001.52330648,4.241103405421977e+26,3.346654697218482e+34
36946011.05199303,4.241103405421977e+26,3.346654697218482e+34
37633582.62286533,4.241103405421977e+26,3.346654697218482e+34
38333950.017665975,4.241103405421977e+26,3.346654697218482e+34
39047351.36885564,4.241103405421977e+26,3.346654697218482e+34
39774029.240580365,4.241103405421977e+26,3.346654697218482e+34
40514230.71114648,4.241103405421977e+26,3.346654697218482e+34
41268207.45702952,4.241103405421977e+26,3.346654697218482e+34
42036215.8384471,4.241103405421977e+26,3.346654697218482e+34
42818516.98652416,4.241103405421977e+26,3.346654697218482e+34
43615376.89208005,4.241103405421977e+26,3.346654697218482e+34
44427066.49606883,4.241103405421977e+26,3.346654697218482e+34
45253861.78170166,4.241103405421977e+26,3.346654697218482e+34
46096043.86828438,4.241103405421977e+26,3.346654697218482e+34
46953899.10680062,4.241103405421977e+26,3.346654697218482e+34
47827719.17727485,4.241103405421977e+26,3.346654697218482e+34
48717801.18794632,4.241103405421977e+26,3.346654697218482e+34
49624447.776289135,4.241103405421977e+26,3.346654697218482e+34
50547967.21191246,4.241103405421977e+26,3.346654697218482e+34
51488673.50137498,4.241103405421977e+26,3.346654697218482e+34
52446886.49495119,4.241103405421977e+26,3.346654697218482e+34
53422931.99538352,4.241103405421977e+26,3.346654697218482e+34
54417141.86865888,4.241103405421977e+26,3.346654697218482e+34
55429854.156846754,4.241103405421977e+26,3.346654697218482e+34
56461413.19303673,4.241103405421977e+26,3.346654697218482e+34
57512169.71841614,4.241103405421977e+26,3.346654697218482e+34
58582481.001525365,4.241103405421977e+26,3.346654697218482e+34
59672710.9597331,4.241103405421977e+26,3.346654697218482e+34
60783230.28297236,4.241103405421977e+26,3.346654697218482e+34
61914416.55977848,4.241103405421977e+26,3.346654697218482e+34
63066654.40567406,4.241103405421977e+26,3.346654697218482e+34
64240335.59394191,4.241103405421977e+26,3.346654697218482e+34
65435859.18883229,4.241103405421977e+26,3.346654697218482e+34
66653631.6812492,4.241103405421977e+26,3.346654697218482e+34
67894067.12696113,4.241103405421977e+26,3.346654697218482e+34
69157587.28738524,4.241103405421977e+26,3.346654697218482e+34
70444621.77299038,4.241103405421977e+26,3.346654697218482e+34
71755608.18936922,4.241103405421977e+26,3.346654697218482e+34
73090992.28602919,4.241103405421977e+26,3.346654697218482e+34
74451228.10795143,4.241103405421977e+26,3.346654697218482e+34
75836778.1499719,4.241103405421977e+26,3.346654697218482e+34
77248113.514034,4.241103405421977e+26,3.346654697218482e+34
78685714.06936844,4.241103405421977e+26,3.346654697218482e+34
80150068.61565414,4.241103405421977e+26,3.346654697218482e+34
81641675.04921472,4.241103405421977e+26,3.346654697218482e+34
83161040.53230962,4.241103405421977e+26,3.346654697218482e+34
84708681.66557403,4.241103405421977e+26,3.346654697218482e+34
86285124.66366887,4.241103405421977e+26,3.346654697218482e+34
87890905.53419963,4.241103405421977e+26,3.346654697218482e+34
89526570.259964,4.241103405421977e+26,3.346654697218482e+34
91192674.98459296,4.241103405421977e+26,3.346654697218482e+34
92889786.20164496,4.241103405421977e+26,3.346654697218482e+34
94618480.94721992,4.241103405421977e+26,3.346654697218482e+34
96379346.99615796,4.241103405421977e+26,3.346654697218482e+34
98172983.0618884,4.241103405421977e+26,3.346654697218482e+34
99999999.0,4.241103405421977e+26,3.346654697218482e+34
