Unnamed: 0,z,a,H_natural,H_obs_km_s_Mpc
799,0.0,1.0,0.3162965202997803,24958958.416855663
798,0.0087994406411486,0.9912773141155232,0.3204804020205053,25289108.523438077
797,0.0176763114378937,0.9826307134800863,0.3247196454562187,25623627.222950216
796,0.0266312937322945,0.9740595344259602,0.3290149830520872,25962572.312640205
795,0.0356650748618367,0.9655631190743836,0.33336715694801,26306002.354767468
794,0.0447783482121935,0.9571408152850628,0.3377769191069493,26653976.686729368
793,0.053971813270444,0.9487919766061188,0.3422450314449591,27006555.43132172
792,0.0632461756787603,0.9405159622244726,0.3467722659629346,27363799.50713517
791,0.0726021472885731,0.9323121369166528,0.3513594048801122,27725770.63908965
790,0.0820404462152075,0.9241798710000434,0.3560072407693327,28092531.369108047
789,0.0915617968929995,0.9161185402845544,0.3607165766940982,28464145.06693129
788,0.1011669301309041,0.9081275260247076,0.365488226347447,28840675.94107705
787,0.110856583168587,0.9002062148721469,0.3703230141926658,29222189.049943257
786,0.1206314997330073,0.892353998828564,0.3752217756058645,29608750.313058767
785,0.1304924300955094,0.8845702751990255,0.3801853570204461,30000426.522483405
784,0.1404401311294019,0.87685444654572,0.3852146160734823,30397285.354358487
783,0.150475366368058,0.8692059206420956,0.3903104217540361,30799395.380610988
782,0.1605989060635175,0.8616241104274069,0.3954736545534447,31206826.080812324
781,0.1708115272456047,0.8541084339616576,0.4007052066175933,31619647.854194287
780,0.1811140137815752,0.8466583143809275,0.406005981901211,32037932.031824566
779,0.1915071564362738,0.8392731798531028,0.4113768963242043,32461750.888942964
778,0.2019917529328379,0.8319524635339788,0.4168188779300685,32891177.65746171
777,0.2125686080139206,0.8246956035237551,0.422332867046394,33326286.53863095
776,0.2232385335034585,0.817502042823909,0.4279198164474976,33767152.715872034
775,0.2340023483689868,0.8103712292944386,0.4335806915192154,34213852.36778129
774,0.2448608787844979,0.8033026156114859,0.4393164704258725,34666462.6813056
773,0.2558149581938493,0.7962956592253289,0.4451281442794662,35125061.86509268
772,0.2668654273747417,0.7893498223187345,0.4510167173110955,35589729.16301855
771,0.2780131345032492,0.7824645717656805,0.456983207044657,36060544.86789388
770,0.2892589352189179,0.7756393790904375,0.4630286444728421,36537590.33535197
769,0.3006036926904472,0.768873720427001,0.4691540742354732,37020947.99792119
768,0.3120482776819346,0.7621670764788877,0.4753605548001925,37510701.3792832
767,0.3235935686197171,0.7555189324792729,0.4816491586455557,38006935.1087208
766,0.3352404516597924,0.748928778151481,0.4880209724465439,38509734.93575679
765,0.3469898207558324,0.7423961076698211,0.4944770972625367,39019187.74498677
764,0.3588425777278048,0.735920419620759,0.5010186487277789,39535381.57110904
763,0.370799632331185,0.7295012169644354,0.5076467572443648,40058405.61415283
762,0.3828619023267907,0.7231380069965115,0.5143625681777878,40588350.25490923
761,0.3950303135512212,0.7168303013103543,0.521167242055075,41125307.07056597
760,0.407305799987917,0.7105776157595498,0.5280619547655487,41669368.85054945
759,0.419689303838854,0.7043794704207392,0.5350478977642533,42220629.61257723
758,0.432181775596858,0.6982353895567849,0.5421262782780721,42779184.61892267
757,0.4447841741185563,0.6921449015802563,0.5492983195145764,43345130.39289522
756,0.4574974666979823,0.6861075390172302,0.5565652608736488,43918564.73553962
755,0.4703226291408158,0.6801228384714114,0.5639283581619037,44499586.74255582
754,0.4832606458392767,0.6741903405885671,0.571388883809951,45088296.82144324
753,0.4963125098476917,0.6683095900212644,0.5789481270925453,45684796.70887275
752,0.5094792229587033,0.662480135393926,0.5866073943516427,46289189.48828812
751,0.5227617957801742,0.6567015292681797,0.594368009222425,46901579.607741565
750,0.5361612478127511,0.6509733281085177,0.6022313128623131,47522072.897965126
749,0.5496786075281108,0.6452950922482552,0.6101986641830124,48150776.59068151
748,0.5633149124479127,0.6396663858557791,0.6182714400856467,48787799.33715838
747,0.5770712092234194,0.634086776901101,0.6264510356989926,49433251.22700751
746,0.5909485537158441,0.6285558371226929,0.634738864620886,50087243.80723412
745,0.6049480110773882,0.6230731419946173,0.6431363591628199,50749890.101538114
744,0.6190706558329921,0.6176382706939446,0.6516449705977845,51421304.629871175
743,0.6333175719628188,0.6122508060684504,0.660266169411399,52101603.4282535
742,0.6476898529854507,0.6069103346045975,0.6690014455563676,52790904.06885297
741,0.662188602041818,0.6016164463957994,0.6778523087103051,53489325.68033018
740,0.6768149319798773,0.5963687351109541,0.6868202885369902,54196988.96845389
739,0.6915699654400262,0.5911667979632584,0.6959069349510749,54914016.23698932
738,0.7064548349412645,0.5860102356792933,0.705113818386301,55640531.408863015
737,0.7214706829681314,0.5808986524683746,0.7144425300672822,56376660.04760924
736,0.7366186620583857,0.5758316559921776,0.7238946822848774,57122529.37909968
735,0.7518999348914779,0.5708088573346202,0.7334719086752258,57878268.31356207
734,0.7673156743777878,0.5658298709720131,0.7431758645024741,58644007.46789023
733,0.7828670637486455,0.5608943147434706,0.7530082269452509,59419879.18824975
732,0.7985552966471607,0.5560018098215744,0.7629706953869502,60206017.57298424
731,0.8143815772198295,0.5511519806833006,0.7730649917098472,61002558.49582405
730,0.8303471202089678,0.5463444550811933,0.7832928605931306,61809639.62940394
729,0.8464531510459441,0.5415788640147944,0.7936560698148749,62627400.46909178
728,0.8627009059452333,0.536854841702322,0.8041564105580173,63455982.35713315
727,0.879091631999311,0.5321720255525925,0.8147956977204022,64295528.507116936
726,0.8956265872743683,0.5275300561371914,0.8255757702289237,65146184.02876437
725,0.9123070409068708,0.5229285771628867,0.836498491357839,66008095.95304708
724,0.9291342732009796,0.5183672354442789,0.8475657490513081,66881413.25763872
723,0.946109575726817,0.5138456808766938,0.8587794562502029,67766286.89270352
722,0.9632342514195946,0.5093635664093117,0.8701415512232498,68662869.80702664
721,0.980509614679632,0.5049205480185263,0.8816539979025743,69571316.97449213
720,0.9979369914732276,0.5005162846815432,0.8933187862236778,70491785.42091042
719,1.0155177194344498,0.4961504383502012,0.905137932469944,71424434.25120327
718,1.0332531479677969,0.4918226739250268,0.9171134796216976,72369424.67694816
717,1.0511446383517664,0.4875326592295157,0.9292474977098956,73326920.04428786
716,1.0691935638433532,0.4832800649846329,0.9415420841745198,74297085.86221136
715,1.0874013097834383,0.4790645647835428,0.9539993642277064,75280089.83120832
714,1.1057692737031322,0.4748858350665527,0.9666214912217084,76276101.872305
713,1.1242988654310375,0.4707435550962797,0.9794106470217252,77285294.15648434
712,1.1429915072014558,0.4666374069330333,0.9923690423836826,78307841.13449639
711,1.161848633763559,0.46256707541041,1.0054989173370286,79343919.56706493
710,1.18087169249151,0.4585322481111038,1.0188025415725983,80393708.55549373
709,1.2000621434955487,0.454532615342928,1.0322822148356257,81457389.57267922
708,1.219421459734074,0.4505678701150423,1.0459402673239755,82535146.49453492
707,1.238951127126696,0.446637708114391,1.0597790600916528,83627165.63183232
706,1.2586526446682784,0.4427418276823469,1.0738009854576576,84733635.76246376
705,1.2785275245440109,0.4388799297915545,1.0880084674202826,85854748.1641345
704,1.2985772922454577,0.4350517180229819,1.102403962076886,86990696.64748707
703,1.3188034866876612,0.4312568985431658,1.1169899580492504,88141677.58966635
702,1.3392076603272582,0.42749518008166,1.1317689769145771,89307889.96832928
701,1.3597913792816263,0.4237662739086802,1.1467435736421911,90489535.3961053
700,1.380556223449109,0.4200698938129396,1.1619163370360612,91686818.1555156
699,1.401503786630265,0.4164057560796841,1.1772898901831663,92899945.23435368
698,1.4226356766502102,0.4127735794689133,1.1928668909078337,94129126.36153716
697,1.4439535154820229,0.4091730851937948,1.2086500322320897,95374574.0434342
696,1.4654589393712318,0.4056039968992673,1.224642042842122,96636503.60067184
695,1.4871535989614162,0.402066040640827,1.2408456875609413,97915133.20543388
694,1.5090391594208965,0.3985589448635018,1.2572637678273055,99210683.91925268
693,1.531117300570536,0.3950824403810092,1.2738991221809952,100523379.73130234
692,1.5533897170126894,0.3916362603550934,1.2907546267545458,101853447.5972012
691,1.575858118261262,0.3882201402750448,1.3078331957714906,103201117.47832832
690,1.5985242288729204,0.3848338179373984,1.325137782051217,104566622.3816615
689,1.6213897885794748,0.3814770334258064,1.3426713775205352,105950198.40014544
688,1.6444565524213908,0.3781495290910914,1.3604370137320183,107352084.75359358
687,1.6677262908825177,0.3748510495314672,1.378437762389243,108772523.83013517
686,1.6912007900259702,0.3715813415729377,1.3966767358789824,110211761.22821052
685,1.7148818516312136,0.3683401542498649,1.41515708781047,111670045.79912418
684,1.738771293332375,0.3651272387857035,1.4338820135618326,113147629.6901642
683,1.7628709487577323,0.3619423485739098,1.4528547508337522,114644768.3882914
682,1.787182667670478,0.35878523915901,1.472078580210505,116161720.76441094
681,1.8117083161106828,0.355655668217839,1.4915568257284286,117698749.1182303
680,1.836449776538521,0.3525533955409414,1.5112928554519387,119256119.22371247
679,1.8614089479787688,0.3494781830141323,1.5312900820572033,120834100.37513392
678,1.88658774616656,0.3464297946002223,1.5515519634235564,122432965.43375283
677,1.911988103694418,0.3434079963209009,1.5720820032327585,124052990.87509696
676,1.9376119701606047,0.3404125562387765,1.5928837515762306,125694456.83688036
675,1.9634613123187616,0.3374432444395738,1.6139608055703392,127357647.16755548
674,1.9895381142288489,0.3344998330144889,1.635316809979841,129042849.47550926
673,2.015844377409457,0.3315820960426935,1.656955457849634,130750355.17891462
672,2.0423821209914115,0.3286898095739969,1.6788804911448645,132480459.55624126
671,2.069153381872765,0.3258227516116547,1.7010957013995611,134233461.7974394
670,2.096160214875135,0.3229807020953303,1.72360493037387,136009665.05580208
669,2.1234046929014125,0.3201634428842052,1.7464120707200088,137809376.5005159
668,2.150888907094884,0.3173707577402336,1.7695210666570895,139632907.36991096
667,2.178614966999717,0.3146024323115474,1.7929359146548765,141480573.0254163
666,2.2065850007228947,0.3118582541160017,1.816660664126648,143352693.00623378
665,2.234801155097553,0.3091380125248664,1.840699418131248,145249591.0847368
664,2.263265595847751,0.3064414987466608,1.8650563340844573,147171595.32260454
663,2.291980507754713,0.3037685058111256,1.889735624479832,149119038.12770352
662,2.32094809482452,0.3011188285533382,1.914741557619104,151092256.31172347
661,2.3501705804572617,0.2984922635979661,1.940078458352276,153091591.14857808
660,2.379650207617715,0.2958886093436548,1.965750708827573,155117388.4335838
659,2.4093892390074934,0.2933076659475554,1.991762749251337,157169998.543423
658,2.439389957238708,0.2907492353099861,2.018119078658009,159249776.49690348
657,2.469654665009193,0.2882131210592252,2.044824255690377,161357082.01652765
656,2.500185685279224,0.2856991285364411,2.071882899390142,163492279.5908761
655,2.5309853614498325,0.2832070647807492,2.099299689999029,165655738.53782338
654,2.562056057542676,0.280736738514402,2.127079369770528,167847833.06859234
653,2.5934001583814634,0.2782879601281086,2.1552267437923978,170068942.3526581
652,2.625020069775036,0.2758605416664793,2.1837466808201498,172319450.58351803
651,2.6569182187019917,0.2734542968136011,2.2126441141215496,174599747.04533148
650,2.689097053496992,0.2710690408787358,2.241924042332395,176910226.18044928
649,2.721559044038675,0.2687045907821442,2.2715915303236303,179251287.65783766
648,2.7543066819392203,0.2663607650410349,2.3016517100799883,181623336.44241187
647,2.7873424807356098,0.2640373837556332,2.3321097815903373,184026782.86529356
646,2.820668976082544,0.2617342685953737,2.362971013749832,186462042.69499925
645,2.854288725947057,0.2594512427852132,2.3942407452740597,188929537.209576
644,2.888204310804874,0.2571881310920608,2.4259243856253607,191429693.2696972
643,2.92241833383846,0.2549447598113291,2.4580274159514395,193962943.3927281
642,2.956933421136821,0.2527209567536017,2.490555390036448,196529725.82777613
641,2.9917522218970927,0.2505165512314156,2.523513935264748,199130484.6317413
640,3.026877408627846,0.2483313740461617,2.5569087535974377,201765669.7463738
639,3.062311677354246,0.2461652574750967,2.5907456225619083,204435737.0763602
638,3.09805774782497,0.24401803525847,2.625030396254527,207141148.56844476
637,3.134118363720952,0.2418895425867634,2.6597690063566515,209882372.29160336
636,3.170496292865997,0.2397796160880393,2.6949674631641862,212659882.51828596
635,3.2071943274392,0.237688093815403,2.7306318566307795,215474159.8067348
634,3.2442152841892744,0.2356148152345714,2.7667683574249464,218325691.08440253
633,3.2815620046507537,0.2335596212115512,2.803383218001214,221214969.73247585
632,3.3192373553620733,0.2315223540004256,2.8404827736855105,224142495.67152363
631,3.3572442280856096,0.2295028572312454,2.878073443775023,227108775.44828707
630,3.395585540029637,0.2275009758980273,2.916161732652656,230114322.3236211
629,3.434264234072216,0.2255165563468571,2.9547542309163064,233159656.36160573
628,3.4732832789870995,0.2235494462640947,2.9938576165231985,236245304.5198456
627,3.5126456696715893,0.2215994946646843,3.033478655949406,239371800.74096763
626,3.5523544273763976,0.2196665518805656,3.073624205364798,242539686.04533625
625,3.5924125999375667,0.2177504695491852,3.11430121182366,245749508.62500495
624,3.632823262010377,0.2158511006021105,3.1555167144710885,249001823.9389136
623,3.673589515305367,0.2139682992537399,3.197277845765507,252297194.80935612
622,3.714714488826392,0.2121019209901138,3.2395918327173967,255636191.51972976
621,3.7562013391107794,0.210251822557823,3.28246599814452,259019391.91358408
620,3.798053250471636,0.2084178619530124,3.325907761943882,262447381.49499172
619,3.840273435242228,0.2065998984104822,3.3699246423805667,265920753.5302505
618,3.882865134022567,0.2047977923928829,3.41452425739377,269440109.1509424
617,3.925831615928133,0.2030114055800054,3.459714325920196,273006057.45836264
616,3.969176178840782,0.2012406008581651,3.5055026692350477,276619215.6293376
615,4.0129021496618975,0.1994852423096761,3.551897212310919,280280209.0234546
614,4.057012884567734,0.19774519520242,3.5989059851947323,283989671.29171634
613,4.101511769267009,0.1960203259795049,3.646537124403001,287748244.4866408
612,4.146402219260791,0.1943105022490131,3.694798874335715,291556579.1738313
611,4.191687680104652,0.19261559277384,3.743699588709005,295415334.5450276
610,4.237371627673111,0.1909354674616216,3.793247732006883,299325178.5326632
609,4.283457568426457,0.1892699973547482,3.8434518809523577,303286787.9259505
608,4.32994903967985,0.1876190546204671,3.894320725998072,307300848.4885078
607,4.376849609874856,0.1859825125410704,3.945863072836857,311368055.0775564
606,4.424162878853332,0.1843602455041689,3.998087843932359,315489111.76470244
605,4.471892478133721,0.1827521289930511,4.051004080070052,319664731.9583278
604,4.520042071189806,0.1811580395771253,4.104620941928949,323895638.52761334
603,4.56861535373188,0.1795778549024466,4.158947711674185,328182563.9282099
602,4.617616053990429,0.1780114536823245,4.213993794570882,332526250.3295883
601,4.667047933002282,0.1764587156880145,4.2697687206194646,336927449.744082
600,4.716914784899276,0.1749195217394898,4.326282146212757,341386924.1576487
599,4.767220437199498,0.1733937536962935,4.383543855815215,345905445.6623786
598,4.817968751101054,0.1718812944484704,4.441563763664466,350483796.59076303
597,4.869163621778421,0.1703820279075792,4.500351915495549,355122769.6517538
596,4.920808978681444,0.1688958389977814,4.559918490288143,359823168.0686374
595,4.972908785836932,0.1674226136470086,4.620273802037067,364585805.7187449
594,5.025467042152895,0.1659622387782077,4.6814283015463465,369411507.2750222
593,5.078487781725518,0.1645146023006609,4.743392578247266,374301108.3494918
592,5.131975074148754,0.1630795931013827,4.806177362040559,379255455.63862056
591,5.185933024826724,0.1616571010365912,4.869793525163244,384275407.0706316
590,5.240365775288808,0.1602470169232538,4.934252084080288,389361831.9547756
589,5.2952775035075135,0.158849232530708,4.999564201401489,394515611.1325915
588,5.350672424219187,0.1574636405723524,5.065741187823968,399737637.1311893
587,5.406554789247478,0.1560901346974137,5.132794504100481,405028814.31856894
586,5.462928887829722,0.1547286094827826,5.200735763034063,410390059.06101793
585,5.519799046946146,0.1533789604249224,5.269576731499211,415822299.8826028
584,5.577169631651961,0.1520410839318483,5.33932933249001,421326477.6267867
583,5.6350450454124426,0.1507148773151756,5.410005647195647,426903545.6202085
582,5.693429730440897,0.1494002387822378,5.481617917103555,432554469.8386415
581,5.752328168039607,0.1480970674282746,5.554178546130578,438280229.075164
580,5.811744878943822,0.1468052632286857,5.627700102782665,444081815.1105801
579,5.871684423668737,0.145524727031354,5.702195322343285,449960232.88610864
578,5.932151402859511,0.1442553605490353,5.777677109091065,455916500.6783759
577,5.993150457644429,0.1429970663518141,5.854158538547049,461951650.2767476
576,6.054686269991086,0.1417497478596257,5.931652859751889,468066727.1630216
575,6.116763563065795,0.1405133093348425,6.010173497573493,474262790.6935243
574,6.179387101596081,0.1392876558749263,6.089734055045395,480540914.2836321
573,6.242561692236399,0.1380726934051444,6.170348315736371,486902185.594757
572,6.3062921839370905,0.1368683286713476,6.252030246151723,493347706.7238325
571,6.370583468316528,0.1356744692328142,6.334793998166519,499878594.39532
570,6.435440480036606,0.1344910234551533,6.41865391149143,506495980.1557887
569,6.500868197181483,0.1333179005032722,6.503624516171407,513201010.57108575
568,6.566871641639654,0.1321550103344043,6.589720535117722,519994847.4261395
567,6.633455879489448,0.1310022636911977,6.676956886673895,526878667.92743707
566,6.700626021387843,0.1298595720948639,6.7653486872158055,533853664.9081992
565,6.768387222962724,0.128726847838388,6.8549112537865335,540921047.0362954
564,6.836744685208636,0.127604003979795,6.945660106766471,548082039.0249423
563,6.905703654885968,0.1264909543354777,7.037610972579012,555337881.8462099
562,6.975269424923643,0.1253876134735817,7.130779786432394,562689832.9473802
561,7.045447334825425,0.1242938967074474,7.225182695098259,570139166.4702036
560,7.116242771079703,0.1232097200891109,7.320836059727201,577687173.4730734
559,7.187661167572964,0.1221350004028593,7.417756458702061,585335162.1561797
558,7.259708006006862,0.1210696551588447,7.515960690529284,593084458.0896658
557,7.332388816318932,0.1200136025867523,7.615465776768876,600936404.444832
556,7.405709177107104,0.1189667616295236,7.716288965003667,608892362.2284393
555,7.47967471605781,0.1179290519371359,7.818447731848066,616953710.5201309
554,7.554291110378003,0.1169003938604342,7.921959785997228,625121846.7130413
553,7.62956408723088,0.115880708445018,8.026843071316847,633398186.7576123
552,7.70549942417545,0.1148699174251816,8.133115769974289,641784165.4086711
551,7.782102949610028,0.113867943217906,8.24079630561167,650281236.475817
550,7.859380543219579,0.1128747089169048,8.349903346561279,658890873.0771505
549,7.93733813642698,0.1118901382867209,8.46045580910399,667614567.8963959
548,8.015981712848337,0.1109141557568753,8.572472860771377,676453833.4434694
547,8.095317308752229,0.1099466864160661,8.68597392369187,685410202.3185254
546,8.175351013522999,0.1089876560064198,8.800978677981703,694485227.4795362
545,8.256088970128198,0.1080369909177904,8.91750706518132,703680482.513458
544,8.337537375590024,0.1070946181821105,9.035579291737609,712997561.9110146
543,8.419702481461028,0.10616046546779,9.155215832532871,722438081.345169
542,8.502590594303927,0.1052344610741646,9.276437434460968,732003677.953315
541,8.586208076175634,0.1043165339259926,9.399265120051233,741696010.6232427
540,8.670561345115642,0.1034066135679988,9.523720191141123,751516760.282946
539,8.755656875638566,0.1025046301594677,9.649824232597751,761467630.1942886
538,8.841501199231153,0.1016105144688823,9.7775991160895,771550346.2506225
537,8.928100904853581,0.1007241978686101,9.907067003907976,781766657.2783784
536,9.015462639445168,0.0998456123296364,10.038250352841144,792118335.3426945
535,9.1035931084346,0.0989746904163419,10.17117191809846,802607176.0571494
534,9.19249907625459,0.0981113652813268,10.305854757288458,813234998.8976322
533,9.282187366861049,0.0972555706602806,10.442322234449604,824003647.5204182
532,9.3726648642569,0.0964072408668956,10.580598024135274,834914990.0845144
531,9.46393851302046,0.0955663107878245,10.72070611555336,845970919.5783155
530,9.5560153188384,0.0947327158776841,10.862670816761302,857173354.1506343
529,9.648902349043578,0.0939063921540997,11.006516758917543,868524237.4461833
528,9.742606733157368,0.093087276192795,11.152268900589664,880025538.9455304
527,9.83713566343698,0.0922753051227238,11.299952532120557,891679254.309633
526,9.932496395427467,0.0914704166212441,11.449593280052945,903487405.7289778
525,10.028696248518598,0.0906725489093348,11.601217111613234,915452042.2774004
524,10.125742606506696,0.0898816407468538,11.754850339255622,927575240.2706612
523,10.223642918161342,0.0890976314278376,11.910519625266923,939859103.6298132
522,10.322404697797143,0.0883204607758418,12.068251986433395,952305764.2494591
521,10.422035525850474,0.0875500691393219,12.228074798769974,964917382.3709388
520,10.522543049461277,0.0867863973870554,12.390015802312998,977696146.9605188
519,10.623934983060082,0.0860293869036028,12.55410310597732,990644276.0926702
518,10.726219108960091,0.0852789795848085,12.720365192478484,1003764017.3384773
517,10.829403277954478,0.0845351178333416,12.888830923320947,1017057648.159256
516,10.933495409919042,0.0837977445542742,13.059529543853406,1030527476.3054724
515,11.038503494420045,0.0830668031506996,13.232490688391778,1044175840.2209952
514,11.144435591327444,0.0823422375193885,13.407744385411045,1058005109.4527856
513,11.251299831433585,0.0816239920464819,13.585321062806887,1072017685.0660914
512,11.359104417077187,0.0809120116032234,13.765251553227763,1086216000.065203
511,11.467857622773009,0.0802062415417274,13.94756709947884,1100602519.8198752
510,11.577567795846893,0.0795066276907845,14.132299359998328,1115179742.497468
509,11.68824335707646,0.0788131163517038,14.319480414407376,1129950199.500886
508,11.799892801337505,0.0781256542941911,14.509142769134725,1144916455.912421
507,11.912524698255927,0.0774441887522637,14.70131936311662,1160081110.9435325
506,12.02614769286559,0.0767686674201997,14.896043573573683,1175446798.3906994
505,12.140770506271796,0.0760990384485234,15.093349221865113,1191016187.097376
504,12.256401936320682,0.0754352504400262,15.29327057942169,1206791981.4221656
503,12.373050858274537,0.0747772524458211,15.495842373758656,1222776921.7132957
502,12.490726225492985,0.074124993961432,15.701099794569275,1238973784.7894616
501,12.609437070120183,0.0734784249229177,15.90907849990034,1255385384.4271357
500,12.729192503778146,0.0728374957030291,16.119814622410917,1272014571.8544457
499,12.850001718266046,0.0722021571073996,16.333344775715073,1288864236.2516763
498,12.971873986265724,0.0715723603707702,16.549706060809967,1305937305.2585144
497,13.09481866205348,0.0709480571532454,16.768936072590606,1323236745.4881246
496,13.21884518221796,0.0703291995365837,16.991072906451954,1340765563.0481236
495,13.34396306638456,0.0697157400205195,17.21615516498025,1358526804.0685916
494,13.47018191794604,0.0691076315191166,17.44422196473413,1376523555.2371702
493,13.597511424799617,0.0685048273571553,17.675312943117074,1394758944.3413684
492,13.725961360090633,0.0679072812665485,17.909468265342593,1413236140.818184
491,13.855541582962587,0.0673149473827916,18.14672863149289,1431958356.311104
490,13.986262039313972,0.0667277802414415,18.38713528367293,1450928845.2346306
489,14.118132762561617,0.066145734774627,18.6307300132606,1470150905.3463938
488,14.25116387441077,0.06556876630759,18.87755516825466,1489627878.326975
487,14.385365585632064,0.0649968305552563,19.127653660721784,1509363150.367556
486,14.520748196845208,0.0644298836188363,19.381068974343854,1529360152.7654738
485,14.65732209930955,0.0638678819824558,19.63784517206691,1549622362.5277998
484,14.795097775721755,0.063310782509816,19.898026903853484,1570153302.9830785
483,14.934085801020364,0.0627585424408825,20.16165941453921,1590956544.4012892
482,15.074296843197397,0.0622111193886031,20.4287885517954,1612035704.622175
481,15.215741664117315,0.0616684713356546,20.699460774199256,1633394449.692063
480,15.358431120342903,0.0611305566312179,20.973723159412557,1655036494.509245
479,15.50237616396867,0.0605973339877806,21.251623412471087,1676965603.4780934
478,15.647587843461416,0.0600687624779685,21.533209874185676,1699185591.171991
477,15.794077304508251,0.0595448015314039,21.81853152965659,1721700323.005201
476,15.941855790872136,0.059025410931592,22.107638016903152,1744513715.9138277
475,16.0909346452548,0.0585105508128336,22.40057963560942,1767629739.0459394
474,16.241325310167458,0.0580001816571656,22.69740735598845,1791052414.4610484
473,16.393039328809014,0.0574942642913275,22.99817282776588,1814785817.8390057
472,16.54608834595202,0.0569927598837552,23.30292838928499,1838834079.1984785
471,16.70048410883656,0.0564956299415999,23.611727076734933,1863201383.6251533
470,16.856238468071865,0.0560028363077736,23.92462263350344,1887891972.009756
469,17.013363378545844,0.0555143411580212,24.241669519655904,1912910141.7960477
468,17.171870900342785,0.0550301069980161,24.56292292154293,1938260247.7389529
467,17.33177319966897,0.0545500966604833,24.8884387615374,1963946702.6729164
466,17.49308254978644,0.0540742733023461,25.218273707903283,1989973978.290648
465,17.655811331955153,0.0536026004018984,25.5524851847982,2016346605.9324255
464,17.819972036383145,0.0531350417560015,25.8911313824108,2043069177.386036
463,17.985577263185363,0.0526715614773054,26.23427126723584,2070146345.69758
462,18.152639723350703,0.0522121239914939,26.58196459248788,2097582825.9932184
461,18.32117223971762,0.0517566940345548,26.934271908656044,2125383396.3120484
460,18.491187747958424,0.0513052366500724,27.29125457420185,2153552898.4502683
459,18.66269929757205,0.0508577171865451,27.65297476640156,2182096238.8167467
458,18.83572005288578,0.0504141012947254,28.01949549233568,2211018389.3002086
457,19.01026329406559,0.0499743549249833,28.390880600027128,2240324388.1481404
456,19.18634241813546,0.0495384443246933,28.7671947897302,2270019340.85761
455,19.36397094000574,0.0491063360356434,29.148503625372907,2300108421.078176
454,19.54316249351039,0.0486779968914669,29.53487354615387,2330596871.527002
453,19.72393083245349,0.0482533940150972,29.92637187829682,2361490004.916402
452,19.906289831664925,0.0478324948162436,30.3230668469643,2392793204.893953
451,20.0902534880653,0.0474152669888907,30.72502758833292,2424511926.995351
450,20.275835921740292,0.047001678508818,31.13232416183245,2456651699.6101985
449,20.46305137702446,0.0465916976311424,31.545027562551,2489218124.9609
448,20.651914223594503,0.0461852928878815,31.96320973380838,2522216880.094819
447,20.842438957572256,0.0457824330855379,32.38694357990025,2555653717.8899283
446,21.03464020263732,0.0453830873027057,32.81630297901528,2589534468.0740952
445,21.228532711149477,0.0449872248876965,33.251362796327555,2623865038.258208
444,21.42413136528106,0.0445948154561868,33.692198897267026,2658651414.983341
443,21.621451178159163,0.0442058288888863,34.13888816096991,2693899664.782136
442,21.820507295018,0.0438202353292256,34.59150849391216,2729615935.2546086
441,22.021314994361404,0.043438005181065,35.05013884372802,2765806456.158578
440,22.223889689135465,0.0430591091064223,35.51485921321645,2802477540.5149097
439,22.42824692791159,0.0426835180232215,35.985750674538004,2839635585.7277937
438,22.63440239607991,0.0423112031030606,36.46289538360475,2877287074.720251
437,22.842371917053217,0.0419421357689983,36.94637659466597,2915438577.085092
436,23.05217145348151,0.0415762876933613,37.436278675092254,2954096750.2515297
435,23.26381710847714,0.0412136307955695,37.93268712036074,2993268340.667666
434,23.47732512685085,0.0408541372399809,38.435688569244384,3032960184.9990745
433,23.692711896358663,0.0404977794337553,38.94537081920811,3073179211.343712
432,23.90999394895965,0.0401445300247358,39.46182284201438,3113932440.4633546
431,24.129187962084888,0.0397943618993501,39.98513479954153,3155226987.0318217
430,24.35031075991751,0.0394472481805289,40.51539805981759,3197070060.9002056
429,24.573379314684058,0.0391031622256432,41.052705213272496,3239468968.3793325
428,24.798410747957192,0.0387620776244592,41.59715008921204,3282431113.539722
427,25.0254223319698,0.0384239681971113,42.148827772516064,3325963999.5292425
426,25.25443149094077,0.0380888079920928,42.70783462056482,3370075229.90877
425,25.485455802412403,0.0377565712842637,43.27426828039592,3414772510.0060425
424,25.718512998599486,0.0374272325728762,43.84822770609537,3460063648.287986
423,25.95362096775041,0.0371007665796178,44.42981317642616,3505956557.751788
422,26.190797755520144,0.0367771482466705,45.01912631269728,3552459257.334942
421,26.4300615663553,0.0364563527347879,45.61627009687682,3599579873.3445497
420,26.67143076489149,0.0361383554213887,46.22134888995261,3647326640.90616
419,26.914923877362792,0.0358231318986664,46.83446845054332,3695707905.4323735
418,27.160559593023805,0.0355106579717162,47.45573595376416,3744732124.11153
417,27.40835676558414,0.0352009096566778,48.08526001035057,3794407867.4167633
416,27.65833441465546,0.0348938631788948,48.72315068604288,3844743820.635644
415,27.9105117272114,0.0345894949710894,49.36951952123658,3895748785.4207783
414,28.16490805906022,0.0342877816715539,50.02447955090117,3947431681.3616114
413,28.421542936330454,0.0339887001223574,50.68814532477145,3999801547.577715
412,28.680436056969693,0.0336922273675684,51.36063292781552,4052867544.333923
411,28.941607292256396,0.0333983406514928,52.04206000098255,4106638954.6775327
410,29.205076688325168,0.0331070174169271,52.73254576223496,4161125186.097961
409,29.47086446770541,0.0328182353034273,53.432211027868775,4216335772.209125
408,29.73899103087346,0.0325319721455927,54.141178234125725,4272280374.454861
407,30.009476957818425,0.0322482059713641,54.85957145910202,4328968783.837741
406,30.282343009621805,0.031966915000338,55.58751644495712,4386410922.671566
405,30.557610130050996,0.0316880776420943,56.325140620427206,4444616846.357911
404,30.83529944716688,0.0314116724945394,57.072573123647736,4503596745.187043
403,31.115432274945405,0.0311376783422635,57.82994482528851,4563360946.163516
402,31.39803011491359,0.0308660741549121,58.5973883520069,4623919914.856865
401,31.683114657799905,0.0305968390855718,59.37503811022289,4685284257.277688
400,31.970707785199068,0.0303299524691705,60.16303031022044,4747464721.779495
399,32.26083157125157,0.0300653938208909,60.96150299058011,4810472200.986676
398,32.55350828433803,0.0298031428345981,61.77059604294752,4874317733.748988
397,32.84876038878833,0.0295431793812818,62.59045123714198,4939012507.122873
396,33.14661054660592,0.0292854835075101,63.42121224661082,5004567858.38006
395,33.44708161920719,0.0290300354338991,64.26302467423321,5070995277.043742
394,33.75019666917618,0.028776815553594,65.11603607847942,5138306406.952811
393,34.05597896203482,0.0285258044307645,65.9803959999304,5206513048.354507
392,34.3644519680286,0.0282769827991129,66.8562559881614,5275627160.025816
391,34.675639363928006,0.0280303315603955,67.74376962899696,5345660861.4241495
390,34.9895650348459,0.0277858317829564,68.64309257214074,5416626434.867626
389,35.30625307607076,0.0275434647002748,69.55438255918617,5488536327.74538
388,35.62572779491615,0.0273032117095241,70.47779945201333,5561403154.758371
387,35.94801371258637,0.0270650543701446,71.41350526157731,5635239700.191066
386,36.27313556605859,0.0268289744024276,72.3616641770935,5710058920.214448
385,36.6011183099816,0.0265949536861125,73.32244259562614,5785873945.220859
384,36.931987118591074,0.0263629742589964,74.2960091520844,5862698082.19098
383,37.26576738764192,0.0261330183155546,75.28253474963336,5940544817.093568
382,37.60248473635746,0.0259050682055747,76.28219259052464,6019427817.318299
381,37.94216500939586,0.0256791064328016,77.2951582073531,6099360934.142233
380,38.28483427883384,0.0254551156535942,78.32160949474567,6180358205.230381
379,38.63051884616778,0.0252330786755949,79.36172674148783,6262433857.170805
378,38.97924524433253,0.0250129784564094,80.41569266309496,6345602308.044824
377,39.331040239737945,0.024794798102299,81.48369243483413,6429878170.032761
376,39.68593083432329,0.0245785208668836,82.56591372520269,6515276252.055744
375,40.04394426762978,0.0243641301498567,83.66254672987063,6601811562.454091
374,40.40510801889139,0.024151609495711,84.77378420609297,6689499311.702796
373,40.769449809143936,0.0239409425924754,85.89982150759877,6778354915.164619
372,41.13699760335293,0.023732113270463,87.04085661996415,6868393995.881371
371,41.50777961255984,0.0235251055010299,88.19709019647486,6959632387.403832
370,41.88182429604755,0.0233199033953453,89.36872559448712,7052086136.660978
369,42.25916036352477,0.0231164912031713,90.55596891229273,7145771506.86902
368,42.63981677732952,0.0229148533116548,91.75902902649534,7240704980.480747
367,43.023822754652215,0.0227149742441284,92.97811762990636,7336903262.175911
366,43.411207769778215,0.0225168386589229,94.21344926996696,7434383281.893093
365,43.80200155635006,0.0223204313481897,95.46524138770366,7533162197.903695
364,44.1962341096498,0.0221257372367334,96.73371435722622,7633257399.928721
363,44.59393568890111,0.0219327413808549,98.0190915257737,7734686512.298803
362,44.99513681959191,0.0217414289672042,99.32159925431836,7837467397.158262
361,45.3998682958174,0.0215517853116437,100.64146695873464,7941618157.713751
360,45.80816118264355,0.0213637958581205,101.97892715154065,8047157141.528071
359,46.220046818491525,0.0211774461775501,103.33421548422147,8154102943.859917
358,46.63555681754308,0.0209927219667079,104.70757079014226,8262474411.050125
357,47.05472307216708,0.0208096090471321,106.09923512805896,8372290643.955132
356,47.47757775536744,0.0206280933640352,107.50945382623628,8483571001.428305
355,47.90415332325244,0.0204481609852251,108.9384755271804,8596335103.849806
354,48.33448251752599,0.0202697981000358,110.38655223299652,8710602836.705755
353,48.76859836800073,0.0200929910182674,111.85393935137948,8826394354.217354
352,49.20653419513311,0.0199177261691355,113.34089574224625,8943730083.02065
351,49.64832361258096,0.0197439901002291,114.8476837650204,9062630725.89776
350,50.09400052978354,0.0195717694764786,116.37456932657754,9183117265.560234
349,50.54359915456415,0.0194010510791319,117.92182192986051,9305210968.485294
348,50.99715399575587,0.0192318218047399,119.48971472317584,9428933388.805807
347,51.45469986585018,0.0190640686641509,121.0785245501787,9554306372.2546
346,51.91627188366896,0.0188977787815135,122.68853200055842,9681352060.164064
345,52.381905477060165,0.018732939393288,124.32002146143458,9810092893.521805
344,52.85163638561695,0.0185695378472674,125.97328116947158,9940551617.083002
343,53.32550066342088,0.0184075616016058,127.64860326372543,10072751283.540577
342,53.80353468180932,0.0182469982238559,129.34628383923095,10206715257.753714
341,54.28577513216699,0.0180878353900146,131.06662300134062,10342467221.035788
340,54.77225902874235,0.0179300608835774,132.80992492082694,10480031175.502457
339,55.26302371148852,0.0177736625946004,134.5764978897579,10619431448.480797
338,55.75810684892926,0.017618628518771,136.36665437815734,10760692696.980396
337,56.2575464410504,0.0174649467564865,138.18071109146297,10903839912.227345
336,56.76138082221619,0.0173126055119406,140.01898902879003,11048898424.261822
335,57.26964866411201,0.017161593092218,141.8818135420174,11195893906.600594
334,57.78238897871246,0.0170118979063974,143.76951439570325,11344852380.96494
333,58.29964112127551,0.0168635084646611,145.6824258278444,11495800222.075205
332,58.8214447933636,0.0167164133774137,147.6208866114937,11648764162.512966
331,59.34784004589051,0.0165706013544074,149.58524011724256,11803771297.651611
330,59.878867282195806,0.0164260612038761,151.57583437658775,11960849090.65654
329,60.4145672611458,0.0162827818316755,153.5930221461898,12120025377.555838
328,60.95498110026209,0.0161407522404323,155.63716097303976,12281328372.382566
327,61.50015027887734,0.0159999615286999,157.70861326054433,12444786672.389551
326,62.05011664131914,0.0158603988901213,159.80774633554668,12610429263.337988
325,62.604922400121886,0.0157220536126003,161.93493251629354,12778285524.860723
324,63.16461013926656,0.0155849150774787,164.09054918136297,12948385235.90135
323,63.7292228174495,0.0154489727587216,166.27497883956798,13120758580.230309
322,64.29880377137927,0.0153142162221094,168.4886092008483,13295436152.03894
321,64.87339671910354,0.015180635124437,170.73183324816856,13472448961.61298
320,65.45304576336407,0.0150482192127197,173.0050493104315,13651828441.08615
319,66.03779539498228,0.0149169583234064,175.30866113642858,13833606450.27558
318,66.62769049627391,0.0147868423815995,177.6430779698365,14017815282.599798
317,67.2227763444938,0.0146578614002815,180.0087146252781,14204487671.080694
316,67.82309861531154,0.0145300054795487,182.40599156546543,14393656794.43088
315,68.42870338631684,0.0144032648058509,184.8353349794348,14585356283.2272
314,69.0396371405566,0.0142776296512385,187.29717686189704,14779620226.172297
313,69.65594677010246,0.0141530903726159,189.79195509371348,14976483176.444933
312,70.27767957965014,0.0140296374110009,192.3201135235181,15175980158.140814
311,70.90488329015008,0.0139072612907917,194.8821020505,15378146672.804953
310,71.53760604247043,0.0137859526190388,197.47837670836583,15583018706.057148
309,72.17589640109212,0.0136657020847246,200.1093997504987,15790632734.311852
308,72.8198033578363,0.0135465004580487,202.7756397363293,16001025731.593746
307,73.46937633562487,0.0134283385897192,205.47757161894052,16214235176.450598
306,74.1246651922735,0.0133112074102507,208.21567683392,16430299058.964628
305,74.78572022431909,0.013195097929268,210.9904433894848,16649255887.864244
304,75.45259217087961,0.0130800012348161,213.8023659578888,16871144697.737003
303,76.12533221754916,0.0129659084926762,216.65194596814092,17096005056.346004
302,76.80399200032636,0.0128528109456877,219.53969170004663,17323877072.050682
301,77.48862360957757,0.012740699913076,222.4661183795941,17554801401.33377
300,78.17927959403552,0.0126295667897858,225.4317482757096,17788819256.436245
299,78.87601296483209,0.0125194030458215,228.4371107983942,18025972413.101288
298,79.57887719956769,0.0124102002255916,231.4827425982706,18266303218.42953
297,80.28792624641562,0.0123019499472604,234.5691876675551,18509854598.84677
296,81.00321452826304,0.0121946439021038,237.69699744247907,18756670068.186024
295,81.72479694688788,0.0120882738538727,240.86673090717983,19006793735.885563
294,82.45272888717302,0.0119828316381599,244.0789546990848,19260270315.304783
293,83.1870662213575,0.0118783091617737,247.33424321581023,19517145132.159588
292,83.92786531332473,0.0117746984021168,250.63317872359568,19777464133.078934
291,84.67518302292879,0.0116719914065707,253.9763514672997,20041273894.284622
290,85.42907671035854,0.0115701802918849,257.3643597819776,20308621630.39585
289,86.18960424054063,0.011469257243572,260.79781020606947,20579555203.360943
288,86.95682398758044,0.0113692145153081,264.2773175962144,20854123131.51728
287,87.73079483924305,0.0112700444283378,267.8035052437264,21132374598.782448
286,88.5115762014729,0.0111717393708853,271.3770049927458,21414359463.977573
285,89.29922800295336,0.0110742917975698,274.99845736009826,21700128270.285355
284,90.0938106997069,0.0109776942288266,278.66851165688746,21989732254.84499
283,90.89538527973497,0.0108819392503327,282.3878261118402,22283223358.48531
282,91.7040132676994,0.0107870195124381,286.1570679964412,22580654235.59917
281,92.51975672964468,0.0106929277296014,289.9769137518746,22882078264.160423
280,93.34267827776186,0.0105996566798307,293.8480491178057,23187549555.886047
279,94.172841075194,0.0105071992041292,297.77116926302665,23497122966.545437
278,95.0103088408846,0.010415548205946,301.74697891799804,23810854106.419224
277,95.85514585446823,0.0103246966506309,305.77619250931315,24128799350.9099
276,96.70741696120434,0.0102346375648949,309.8595342961126,24451015851.306244
275,97.56718757695444,0.0101453640362749,313.9977385084814,24777561545.70427
274,98.43452369320272,0.0100568692126028,318.1915494878549,25108495170.08663
273,99.30949188212196,0.00996914630148,322.44172182947216,25443876269.56365
272,100.1921593016824,0.0098821885697558,326.7490205268938,25783765209.777187
271,101.08259370080714,0.0097959893430107,331.1142211186328,26128223188.471317
270,101.9808634245719,0.0097105420050439,335.5381098369152,26477312247.230976
269,102.88703741945058,0.0096258399973659,340.02148375861026,26831095283.391937
268,103.80118523860784,0.0095418768186946,344.5651509583671,27189636062.12475
267,104.72337704723692,0.0094586460244568,349.16993066397873,27552999228.69456
266,105.65368362794575,0.009376141226293,353.8366534140232,27921250320.90057
265,106.59217638618964,0.0092943560915676,358.5661612178028,28294455781.69682
264,107.53892735575192,0.0092132843428824,363.3593077176255,28672682971.997826
263,108.4940092042728,0.009132919757595,368.2169583534586,29056000183.671417
262,109.45749523882712,0.0090532561673414,373.1399905299954,29444476652.72193
261,110.42945941155104,0.008974287457562,378.1292937861708,29838182572.666737
260,111.40997632531815,0.0088960075670327,383.185769967159,30237189108.10852
259,112.39912123946571,0.0088184104873995,388.310333398897,30641568408.50696
258,113.39697007557076,0.0087414902627176,393.5039110651687,31051393622.15246
257,114.403599423278,0.0086652409889937,398.7674427872935,31466738910.34533
256,115.41908654617797,0.0085896568137334,404.10188140645175,31887679461.783108
255,116.4435093877377,0.0085147319354917,409.5081929686976,32314291507.159927
254,117.47694657728329,0.0084404606034279,414.9873569126908,32746652333.980427
253,118.51947743603456,0.0083668371168639,420.5403662601943,33184840301.59193
252,119.57118198319404,0.0082938558248469,426.16822780938384,33628934856.43848
251,120.6321409420882,0.0082215111257157,431.87196233100144,34079016547.53932
250,121.70243574636385,0.0081497974666703,437.6526047674121,34535167042.19649
249,122.78214854623822,0.0080787093433465,443.5112044345934,34997469141.93377
248,123.8713622148047,0.0080082412993925,449.4488252271158,35466006798.67171
247,124.97016035439329,0.0079383879260508,455.4665458261486,35940865131.14139
246,126.07862730298764,0.0078691438617427,461.5654599105498,36422130441.54149
245,127.1968481406988,0.007800503791657,467.7466763710801,36909890232.44193
244,128.32490869629513,0.0077324624473417,474.0113195277907,37404233223.937965
243,129.46289555379016,0.0076650146063,480.3605293506347,37905249371.058586
242,130.61089605908802,0.0075981550915893,486.7954616833518,38413029881.43329
241,131.76899832668835,0.0075318787714239,493.31728847068274,38927667233.22157
240,132.93729124644872,0.0074661805587808,499.9271979889513,39449255193.30815
239,134.115864490408,0.0074010554110097,506.6263950800848,39977888835.76949
238,135.30480851966882,0.0073364983294459,513.4161013891107,40513664560.61473
237,136.50421459134066,0.0072725043590262,520.29755560519,41056680112.80555
236,137.71417476554495,0.0072090685879089,527.2720137062482,41607034601.56005
235,138.9347819124802,0.0071461861470969,534.3407492072461,42164828519.94379
234,140.166129719551,0.0070838522100638,541.5050534121633,42730163764.75381
233,141.40831269855877,0.0070220619923834,548.76623566974,43303143656.69918
232,142.6614261929559,0.0069608107513625,556.1256236330424,43883872960.88338
231,143.9255663851636,0.006900093785677,563.5845635229074,44472457907.59262
230,145.20083030395458,0.0068399064350112,571.1444203953329,45069006213.39571
229,146.48731583190076,0.0067802440796993,578.8065784128737,45673627102.55987
228,147.7851217128858,0.006721102140372,586.5724411201002,46286431328.7871
227,149.09434755968442,0.0066624760776041,594.443431723192,46907531197.277084
226,150.4150938616077,0.0066043613915663,602.4209933737237,47537040587.12054
225,151.74746199221687,0.0065467536216801,610.506589456721,48175074974.029854
224,153.09155421710338,0.0064896483462751,618.7017038830351,48821751453.41029
223,154.44747370173897,0.0064330411822499,627.0078413861258,49477188763.77919
222,155.81532451939398,0.0063769277847352,635.4265278233058,50141507310.53706
221,157.19521165912474,0.006321303846761,643.959310481519,50814829190.09666
220,158.58724103383315,0.0062661650989253,652.6077583877405,51497278214.37661
219,159.9915194883949,0.0062115073090672,661.3734626240436,52188979935.66328
218,161.40815480786125,0.006157326281941,670.2580366474365,52890061671.84921
217,162.83725572573138,0.0061036178588954,679.2631166145221,53600652532.05194
216,164.27893193229866,0.0060503779175534,688.3903617110709,54320883442.620605
215,165.73329408306938,0.0059976023714962,697.6414544865755,55050887173.53568
214,167.20045380725642,0.0059452871699497,707.018101193875,55790798365.20868
213,168.6805237163475,0.0058934282974732,716.5220321339258,56540753555.68809
212,170.17361741274837,0.0058420217736516,726.1550020057956,57300891208.27733
211,171.67984949850256,0.0057910636527898,735.9187902619726,58071351739.57226
210,173.19933558408698,0.0057405500236095,745.8152014690648,58852277547.923904
209,174.7321922972867,0.0056904770089494,755.8460656739918,59643813042.33469
208,176.27853729214547,0.0056408407654675,766.0132387757304,60446104671.792885
207,177.8384892579972,0.005591637483346,776.318602902734,61259300955.05474
206,179.41216792857566,0.0055428633859989,786.7640667960904,62083552510.87949
205,180.999694091204,0.0054945147297823,797.3515661985189,62919012088.72512
204,182.6011895960668,0.0054465878037068,808.0830642493117,63765834599.91319
203,184.21677736556148,0.0053990789291528,818.9605518852907,64624177149.26829
202,185.8465814037345,0.0053519844595883,829.9860482479033,65494199067.24205
201,187.490726805798,0.0053053007802887,841.1616010965311,66376061942.52727
200,189.1493397677326,0.0052590243080596,852.4892872281301,67269929655.17175
199,190.8225475959724,0.0052131514909616,863.9712129032883,68175968410.19849
198,192.5104787171769,0.0051676788080377,875.6095142788197,69094346771.74167
197,194.2132626880889,0.0051226027690433,887.4063578469927,70025235697.70619
196,195.93103020547747,0.005077919914178,899.36394088149,70968808574.95837
195,197.66391311617085,0.0050336268138201,911.4844918902288,71925241255.05795
194,199.41204442717475,0.0049897200682635,923.770271075128,72894712090.53835
193,201.1755583158829,0.0049461963074566,936.223570798966,73877401971.74641
192,202.9545901403745,0.0049030521907437,948.8467160594046,74873494364.24762
191,204.7492764498044,0.0048602844066086,961.6420649703308,75883175346.8088
190,206.5597549948837,0.0048178896724205,974.612009250614,76906633649.96594
189,208.3861647384524,0.004775864734182,987.758974720398,77944060695.18661
188,210.2286458661462,0.0047342063662789,1001.085421805072,78995650634.63823
187,212.0873397971554,0.0046929113712336,1014.593846047008,80061600391.56941
186,213.96238919508056,0.0046519765794586,1028.2867786252343,81142109701.31726
185,215.853937978882,0.0046113988490141,1042.1667868831346,82237381152.94815
184,217.76213133392653,0.0045711750653661,1056.236474864328,83347620231.54413
183,219.6871157231306,0.004531302141148,1070.4984838568507,84473035361.14409
182,221.6290388982024,0.0044917770159231,1084.9554929457845,85613837948.35185
181,223.58804991098293,0.0044525966559501,1099.610219574463,86770242426.62086
180,225.5642991248858,0.0044137580539499,1114.465420114393,87942466301.22676
179,227.5579382264387,0.0043752582288753,1129.5238904440405,89130730194.93922
178,229.56912023692533,0.0043370942256813,1144.788466536614,90335257894.40422
177,231.5979995241321,0.0042992631150993,1160.2620250570217,91556276397.24956
176,233.6447318141944,0.0042617619934116,1175.9474839681002,92794015959.9228
175,235.70947420355157,0.0042245879822287,1191.84780314633,94048710146.2769
174,237.7923851710032,0.0041877382282683,1207.965985007139,95320595876.91331
173,239.89362458987355,0.0041512099031367,1224.3050751399735,96609913479.2953
172,242.0133537402833,0.0041150002031112,1240.868162953318,97916906738.64632
171,244.1517353215272,0.0040791063489249,1257.6583823297735,99241822949.64244
170,246.30893346456332,0.0040435255855538,1274.6789122914206,100584912968.916
169,248.4851137446104,0.0040082551820052,1291.932977675589,101946431268.38072
168,250.6804431938563,0.0039732924311077,1309.4238498212312,103326635989.39336
167,252.89509031427863,0.003938634649304,1327.1548472660595,104725788997.76476
166,255.129225090578,0.0039042791764444,1345.129336454639,106144155939.6356
165,257.38301900322574,0.003870223375583,1363.3507324576092,107582006298.22992
164,259.6566450416252,0.003836464632775,1381.8224997022066,109039613451.50111
163,261.95027771738995,0.0038030003568764,1400.5481527143,110517254730.6854
162,264.2640930777375,0.0037698279793448,1419.5312568720958,112015211479.77708
161,266.5982687190032,0.0037369449540425,1438.7754291717526,113533769115.943
160,268.95298380027003,0.0037043487570408,1458.2843390050407,115073217190.88776
159,271.32841905712127,0.0036720368864266,1478.0617089493123,116633849453.19025
158,273.72475681551225,0.0036400068621101,1498.1113155699293,118215963911.62312
157,276.1421810057642,0.0036082562256346,1518.4369902353849,119819862899.47424
156,278.58087717668286,0.0035767825399876,1539.0426199453389,121445853139.88667
155,281.0410325097992,0.0035455833894142,1559.9321481717416,123094245812.23212
154,283.5228358337372,0.0035146563792312,1581.1095757133098,124765356619.53728
153,286.0264776387072,0.0034839991356433,1602.5789615635442,126459505856.97928
152,288.55215009112703,0.0034536093055613,1624.344423792528,128177018481.46838
151,291.10004704837087,0.0034234845564211,1646.410140442725,129918224182.33542
150,293.6703640736495,0.0033936225760051,1668.7803504390297,131683457453.14384
149,296.26329845102106,0.0033640210722642,1691.4593545132934,133473057664.64398
148,298.8790492005326,0.003334677773142,1714.4515161435588,135287369138.88824
147,301.5178170934969,0.003305590426401,1737.7612625082716,137126741224.52773
146,304.17980466790067,0.0032767567994487,1761.39308545569,138991528373.3085
145,306.8652162439533,0.0032481746791673,1785.3515424887923,140882090217.79062
144,309.5742579397661,0.003219841871743,1809.641257765873,142798791650.30502
143,312.3071376871756,0.0031917562024981,1834.2669231171665,144742002903.1756
142,315.06406524770216,0.0031639155157239,1859.2332990777056,146712099630.22174
141,317.8452522286492,0.0031363176745152,1884.545215936708,148709462989.56564
140,320.6509120993473,0.0031089605606065,1910.2075748037992,150734479727.7678
139,323.48126020753654,0.0030818420742091,1936.225348692281,152787542265.3079
138,326.33651379589764,0.0030549601338502,1962.603583619821,154869048783.44006
137,329.2168920187249,0.0030283126762131,1989.3473997267763,156979403312.43994
136,332.12261595874827,0.0030018976559785,2016.4619924125009,159119015821.27042
135,335.05390864410145,0.002975713045668,2043.952633489904,161288302308.68835
134,338.01099506544097,0.0029497568354883,2071.8246723585994,163487684895.81708
133,340.99410219321584,0.0029240270331768,2100.0835371969383,165717591920.2104
132,344.00345899508767,0.0028985216638487,2128.7347361732327,167978458031.42978
131,347.03929645350587,0.0028732387698456,2157.7838586765274,170270724288.16476
130,350.1018475834354,0.0028481764105851,2187.236576567205,172594838256.91815
129,353.1913474502435,0.002823332662412,2217.098645447819,174951254112.28738
128,356.3080331877401,0.0027987056184504,2247.375905954417,177340432738.86304
127,359.4521440163809,0.0027742933884575,2278.0742850687866,179762841834.77795
126,362.6239212616279,0.0027500940986786,2309.1997974519127,182218956016.9304
125,365.823608372471,0.0027261058917031,2340.758546799013,184709256927.91013
124,369.0514509401166,0.0027023269263219,2372.7567272165743,187234233344.65988
123,372.3076967168348,0.0026787553773865,2405.20062462167,189794381288.896
122,375.5925956349782,0.0026553894356682,2438.0966181640265,192390204139.32333
121,378.9063998261639,0.0026322273077199,2471.451181671153,195022212745.6707
120,382.2493636406268,0.0026092672157381,2505.2708851169737,197690925544.5804
119,385.6217436667405,0.0025865073974266,2539.5623961143265,200396868677.3815
118,389.023798750713,0.0025639461058609,2574.3324814317634,203140576109.7805
117,392.455790016455,0.0025415816093548,2609.5880085350577,205922589753.5014
116,395.9179808856208,0.0025194121913266,2645.3359471538074,208743459589.90692
115,399.4106370978284,0.0024974361501682,2681.583370873612,211603743795.63672
114,402.9340267310549,0.0024756517991137,2718.337458754202,214504008870.2941
113,406.48842022221504,0.0024540574661107,2755.6054969740376,217444829766.2213
112,410.07409038791553,0.0024326514936914,2793.3948805017253,220426790020.39117
111,413.6913124453978,0.0024114322388455,2831.713114794821,223450481888.45932
110,417.3403640336612,0.0023903980728943,2870.5678175264,226516506481.00824
109,421.0215252347716,0.0023695473813656,2909.966720339889,229625473902.02063
108,424.7350785953621,0.0023488785638696,2949.9176706327007,232778003389.6264
107,428.4813091483163,0.0023283900339762,2990.4286333690497,235974723459.1517
106,432.26050443464936,0.0023080802190933,3031.507692922575,239216272048.5204
105,436.0729545255763,0.0022879475603459,3073.1630549491792,242503296666.03973
104,439.91895204477527,0.0022679905124569,3115.403048290626,245836454540.61328
103,443.7987921908504,0.0022482075436277,3158.236126909488,249216412774.4277
102,447.7127727599884,0.0022285971354216,3201.67087185588,252643848498.14743
101,451.6611941688147,0.0022091577826462,3245.715993266566,256119449028.6647
100,455.6443594774543,0.002189887993239,3290.3803323970483,259643912029.45108
99,459.6625744127915,0.0021707862881518,3335.6728636871017,263217945673.5492
98,463.7161473919353,0.0021518512012379,3381.6026968603846,266842268809.25296
97,467.805389545894,0.0021330812791393,3428.179079058748,270517611128.5258
96,471.9306147434533,0.0021144750811754,3475.411397011728,274244713338.19547
95,476.09213961527,0.0020960311792317,3523.3091792419523,278024327333.9825
94,480.2902835781731,0.0020777481576512,3571.882098306983,281857216377.40405
93,484.5253688596805,0.002059624613125,3621.1399730782505,285744155275.60474
92,488.79772052273313,0.0020416591545847,3671.092771057764,289685930564.1681
91,493.1076664906424,0.0020238504030961,3721.750610733134,293683340692.9516
90,497.4555375722628,0.0020061969917528,3773.123763971726,297737196215.0089
89,501.8416674873818,0.0019886975655713,3825.222658454456,301848319978.6411
88,506.2663928923329,0.0019713507813876,3878.057880149997,306017547322.6363
87,510.7300534058383,0.0019541553077534,3931.640175830134,310245726274.75586
86,515.2329916350748,0.0019371098248344,3985.98045562685,314533717753.5147
85,519.7755532019697,0.0019202130243087,4041.089795631966,318882395773.3184
84,524.3580867697314,0.0019034636092663,4096.979440540059,323292647653.01605
83,528.9809440696091,0.0018868602941102,4153.660806335346,327765374227.9222
82,533.6444799278892,0.0018704018044568,4211.145483023322,332301490065.3704
81,538.3490522931324,0.0018540868770387,4269.445237408002,336901923683.8654
80,543.0950222636453,0.0018379142596078,4328.572015915374,341567617775.8822
79,547.8827541151983,0.0018218827108386,4388.537947464082,346299529434.39075
78,552.7126153289852,0.0018059910002336,4449.355346383973,351098630383.1593
77,557.5849766198273,0.0017902379080284,4511.036715383401,355965907210.9042
76,562.500211964631,0.0017746222250982,4573.594748566217,360902361609.3602
75,567.4586986310879,0.001759142752865,4637.042334499107,365909010615.3245
74,572.4608172066364,0.0017437983032058,4701.392559330378,370986886856.7601
73,577.5069516276708,0.0017285876983611,4766.658709960901,376137038803.0147
72,582.59748920901,0.0017135097708445,4832.854277268179,381360531019.23206
71,587.7328206736275,0.0016985633633535,4899.992959384532,386658444425.0334
70,592.9133401826413,0.0016837473286801,4968.088665030203,392031876557.5333
69,598.1394453655643,0.0016690605296232,5037.155516902404,397481941838.7687
68,603.4115373508288,0.0016545018389011,5107.207855121338,403009771847.6248
67,608.7300207965728,0.001640070139065,5178.260240734045,408616515596.3235
66,614.0953039216981,0.0016257643224135,5250.327459277158,414303339811.5605
65,619.5077985372064,0.0016115832909069,5323.424524399645,420071429220.376
64,624.9679200778039,0.0015975259560836,5397.566681546409,425921986840.8272
63,630.4760876337914,0.0015835912389764,5472.76941170402,431856234277.5642
62,636.0327239832297,0.0015697780700294,5549.048435209466,437875412022.37897
61,641.638255624389,0.0015560853890162,5626.419715623099,443980779759.8188
60,647.2931128084871,0.0015425121449584,5704.899463666966,450173616677.96027
59,652.9977295727105,0.0015290572960449,5784.504141229475,456455221784.41785
58,658.752543773531,0.0015157198095522,5865.250465437766,462826914227.69415
57,664.557997120313,0.0015024986617646,5947.155412798789,469290033623.95245
56,670.4145352092145,0.0014893928378961,6030.236223410348,475845940389.3106
55,676.3226075573918,0.0014764013320126,6114.510405243401,482496016077.7568
54,682.2826676375012,0.001463523146954,6199.995738496721,489241663724.77625
53,688.2951729125025,0.0014507572942585,6286.710280025256,496084308196.79297
52,694.3605848707757,0.001438102794086,6374.672367843497,503025396546.5304
51,700.4793690615406,0.0014255586751436,6463.900625705105,510066398374.3898
50,706.6519951305875,0.0014131239746105,6554.413967760077,517208806195.9477
49,712.8789368563296,0.0014007977380641,6646.231603291016,524454135815.694
48,719.1606721861626,0.0013885790194073,6739.373041529562,531803926707.0978
47,725.497683273154,0.0013764668807952,6833.85809655471,539259742399.13214
46,731.8904565130482,0.0013644603925637,6929.706892274189,546823170869.35626
45,738.3394825815985,0.0013525586331575,7026.939867490456,554495824943.6719
44,744.845256472233,0.0013407606890602,7125.577781052855,562279342702.8809
43,751.4082775340421,0.0013290656547232,7225.641717097237,570175387896.143
42,758.0290495101112,0.0013174726324972,7327.153090374826,578185650361.4775
41,764.708080576183,0.0013059807325626,7430.133651671661,586311846453.4108
40,771.4458833796604,0.0012945890728612,7534.605493320295,594555719477.9044
39,778.2429750789587,0.0012832967790292,7640.591054805436,602919040134.697
38,785.0998773831981,0.0012721029843292,7748.113128465011,611403606967.1741
37,792.0171165922452,0.0012610068295842,7857.194865288393,620011246819.9071
36,798.9952236371129,0.0012500074631115,7967.859780813588,628743815304.0002
35,806.0347341207103,0.0012391040406575,8080.131761124931,637603197270.3683
34,813.13618835895,0.0012282957253327,8194.035068953111,646591307291.09
33,820.3001314222256,0.0012175816875474,8309.594349879488,655710090148.9904
32,827.5271131772424,0.0012069611049482,8426.834638646149,664961521335.5676
31,834.8176883292272,0.001196433162355,8545.78136557401,674347607557.4452
30,842.1724164645024,0.001185997051698,8666.46036309044,683870387251.4667
29,849.591862093435,0.0011756519719561,8788.897872368558,693531931108.6029
28,857.0765946937704,0.0011653971290953,8913.120550080166,703334342606.8259
27,864.6271887543364,0.0011552317360075,9039.155475264111,713279758553.0911
26,872.244223819144,0.0011451550124505,9167.030156312374,723370349634.6094
25,879.9282845318666,0.0011351661849879,9296.772538075667,733608320979.5509
24,887.679960680713,0.0011252644869296,9428.411009090783,743995912727.3539
23,895.4998472437005,0.0011154491582731,9561.97440893191,754535400608.817
22,903.3885444343202,0.0011057194456454,9697.49203568784,765229096536.1274
21,911.346657747604,0.0010960746022447,9834.99365356745,776079349203.0074
20,919.374798006604,0.0010865138877833,9974.509500635735,787088544695.166
19,927.4735814092722,0.0010770365684311,10116.07029668253,798259107111.2185
18,935.6436295757572,0.0010676419167586,10259.707251226284,809593499194.2661
17,943.8855695961192,0.0010583292116816,10405.452071655454,821094222974.3319
16,952.2000340784574,0.0010490977384057,10553.33697150954,832763820421.8177
15,960.5876611974708,0.0010399467883715,10703.39467890264,844604874112.2074
14,969.0490947434392,0.0010308756591999,10855.658445091703,856620007902.1863
13,977.5849841716332,0.0010218836546388,11010.162053192067,868811887617.3861
12,986.1959846521712,0.0010129700845089,11166.939827043148,881183221751.9747
11,994.8827571202972,0.0010041342646514,11326.02664022636,893736762180.2621
10,1003.64596832712,0.000995375516875,11487.45792523862,906475304880.5796
9,1012.486290890784,0.0009866931689042,11651.269682823526,919401690671.6044
8,1021.4044033480944,0.0009780865543274,11817.49849146331,932518805961.3698
7,1030.4009902066043,0.0009695550125462,11986.181517034494,945829583509.192
6,1039.4767419971492,0.0009610978887241,12157.356522629754,959337003200.714
5,1048.632355326848,0.0009527145337365,12331.061878549132,973044092836.312
4,1057.868532932575,0.0009444043041211,12507.3365724637,986953928933.1104
3,1067.1859837348954,0.0009361665620283,12686.220219754348,1001069637540.8154
2,1076.5854228924768,0.0009280006751722,12867.753074029011,1015394395071.6294
1,1086.0675718569864,0.0009199060167821,13051.976037821552,1029931429144.4988
0,1095.6331584284585,0.0009118819655545,13238.930673475075,1044684019443.9182
