,z,a,H_natural,H_obs_km_s_Mpc
799,0.0,1.0,0.3162965202997803,24958958.416855663
798,0.008799440641148681,0.9912773141155231,0.3204804020205053,25289108.523438074
797,0.01767631143789372,0.9826307134800863,0.3247196454562187,25623627.222950216
796,0.02663129373229456,0.9740595344259602,0.32901498305208726,25962572.312640205
795,0.03566507486183679,0.9655631190743835,0.33336715694801,26306002.354767468
794,0.04477834821219351,0.9571408152850627,0.3377769191069493,26653976.686729368
793,0.05397181327044409,0.9487919766061189,0.3422450314449591,27006555.43132172
792,0.06324617567876034,0.9405159622244726,0.34677226596293464,27363799.50713517
791,0.07260214728857317,0.9323121369166528,0.3513594048801122,27725770.63908965
790,0.08204044621520756,0.9241798710000434,0.35600724076933277,28092531.369108047
789,0.09156179689299959,0.9161185402845544,0.3607165766940982,28464145.06693129
788,0.10116693013090416,0.9081275260247076,0.36548822634744704,28840675.941077046
787,0.11085658316858704,0.9002062148721469,0.3703230141926658,29222189.049943257
786,0.12063149973300735,0.892353998828564,0.3752217756058645,29608750.313058767
785,0.13049243009550948,0.8845702751990255,0.38018535702044615,30000426.522483405
784,0.1404401311294019,0.87685444654572,0.3852146160734823,30397285.354358487
783,0.15047536636805803,0.8692059206420956,0.3903104217540361,30799395.380610988
782,0.16059890606351757,0.8616241104274069,0.39547365455344474,31206826.080812324
781,0.17081152724560478,0.8541084339616576,0.4007052066175933,31619647.854194287
780,0.1811140137815752,0.8466583143809275,0.40600598190121107,32037932.031824566
779,0.1915071564362738,0.8392731798531028,0.4113768963242043,32461750.888942964
778,0.2019917529328379,0.8319524635339788,0.41681887793006855,32891177.65746171
777,0.21256860801392063,0.8246956035237551,0.422332867046394,33326286.53863095
776,0.22323853350345857,0.817502042823909,0.4279198164474976,33767152.715872034
775,0.2340023483689868,0.8103712292944386,0.43358069151921547,34213852.36778129
774,0.24486087878449792,0.8033026156114859,0.4393164704258725,34666462.6813056
773,0.25581495819384936,0.7962956592253289,0.44512814427946623,35125061.86509268
772,0.2668654273747417,0.7893498223187345,0.45101671731109555,35589729.16301855
771,0.27801313450324927,0.7824645717656805,0.456983207044657,36060544.86789388
770,0.2892589352189179,0.7756393790904375,0.46302864447284214,36537590.335351974
769,0.3006036926904472,0.768873720427001,0.4691540742354732,37020947.99792119
768,0.31204827768193466,0.7621670764788877,0.47536055480019257,37510701.3792832
767,0.3235935686197171,0.7555189324792729,0.4816491586455557,38006935.1087208
766,0.33524045165979244,0.748928778151481,0.48802097244654397,38509734.93575679
765,0.3469898207558324,0.7423961076698211,0.4944770972625367,39019187.74498677
764,0.3588425777278048,0.735920419620759,0.5010186487277789,39535381.571109034
763,0.37079963233118507,0.7295012169644354,0.5076467572443648,40058405.61415283
762,0.38286190232679074,0.7231380069965115,0.5143625681777878,40588350.25490923
761,0.3950303135512212,0.7168303013103543,0.521167242055075,41125307.07056597
760,0.40730579998791705,0.7105776157595498,0.5280619547655487,41669368.85054945
759,0.41968930383885406,0.7043794704207392,0.5350478977642533,42220629.61257723
758,0.432181775596858,0.6982353895567849,0.5421262782780721,42779184.61892267
757,0.4447841741185563,0.6921449015802563,0.5492983195145764,43345130.39289522
756,0.4574974666979823,0.6861075390172302,0.5565652608736488,43918564.73553962
755,0.4703226291408158,0.6801228384714114,0.5639283581619037,44499586.74255582
754,0.48326064583927675,0.6741903405885671,0.571388883809951,45088296.82144324
753,0.4963125098476917,0.6683095900212644,0.5789481270925453,45684796.70887275
752,0.5094792229587033,0.662480135393926,0.5866073943516427,46289189.48828812
751,0.5227617957801742,0.6567015292681797,0.594368009222425,46901579.607741565
750,0.5361612478127511,0.6509733281085177,0.6022313128623131,47522072.897965126
749,0.5496786075281108,0.6452950922482552,0.6101986641830124,48150776.59068151
748,0.5633149124479127,0.6396663858557791,0.6182714400856467,48787799.33715838
747,0.5770712092234194,0.634086776901101,0.6264510356989926,49433251.22700751
746,0.5909485537158441,0.6285558371226929,0.634738864620886,50087243.807234116
745,0.6049480110773882,0.6230731419946173,0.6431363591628199,50749890.101538114
744,0.6190706558329921,0.6176382706939446,0.6516449705977845,51421304.629871175
743,0.6333175719628188,0.6122508060684504,0.660266169411399,52101603.4282535
742,0.6476898529854507,0.6069103346045975,0.6690014455563676,52790904.06885297
741,0.662188602041818,0.6016164463957994,0.6778523087103051,53489325.68033018
740,0.6768149319798773,0.5963687351109541,0.6868202885369902,54196988.96845389
739,0.6915699654400262,0.5911667979632584,0.6959069349510749,54914016.23698932
738,0.7064548349412645,0.5860102356792933,0.705113818386301,55640531.408863015
737,0.7214706829681314,0.5808986524683746,0.7144425300672822,56376660.04760924
736,0.7366186620583857,0.5758316559921776,0.7238946822848774,57122529.379099675
735,0.7518999348914779,0.5708088573346202,0.7334719086752258,57878268.31356207
734,0.7673156743777878,0.5658298709720131,0.7431758645024741,58644007.46789023
733,0.7828670637486455,0.5608943147434706,0.7530082269452509,59419879.18824975
732,0.7985552966471607,0.5560018098215744,0.7629706953869502,60206017.57298424
731,0.8143815772198295,0.5511519806833006,0.7730649917098472,61002558.49582405
730,0.8303471202089678,0.5463444550811933,0.7832928605931306,61809639.62940394
729,0.8464531510459441,0.5415788640147944,0.7936560698148749,62627400.46909178
728,0.8627009059452333,0.536854841702322,0.8041564105580173,63455982.35713315
727,0.879091631999311,0.5321720255525925,0.8147956977204022,64295528.507116936
726,0.8956265872743683,0.5275300561371914,0.8255757702289237,65146184.02876437
725,0.9123070409068708,0.5229285771628867,0.836498491357839,66008095.95304708
724,0.9291342732009795,0.5183672354442789,0.8475657490513081,66881413.25763872
723,0.946109575726817,0.5138456808766938,0.8587794562502029,67766286.89270352
722,0.9632342514195946,0.5093635664093117,0.8701415512232498,68662869.80702664
721,0.9805096146796319,0.5049205480185263,0.8816539979025743,69571316.97449213
720,0.9979369914732277,0.5005162846815432,0.8933187862236778,70491785.42091042
719,1.0155177194344498,0.4961504383502012,0.9051379324699439,71424434.25120327
718,1.0332531479677969,0.4918226739250268,0.9171134796216975,72369424.67694816
717,1.0511446383517664,0.4875326592295157,0.9292474977098956,73326920.04428786
716,1.0691935638433532,0.48328006498463294,0.9415420841745198,74297085.86221136
715,1.0874013097834383,0.4790645647835428,0.9539993642277065,75280089.83120832
714,1.1057692737031322,0.4748858350665527,0.9666214912217083,76276101.872305
713,1.1242988654310375,0.4707435550962797,0.9794106470217252,77285294.15648434
712,1.1429915072014558,0.4666374069330333,0.9923690423836826,78307841.13449639
711,1.161848633763559,0.46256707541041,1.0054989173370286,79343919.56706493
710,1.1808716924915101,0.4585322481111038,1.0188025415725983,80393708.55549373
709,1.2000621434955487,0.45453261534292805,1.0322822148356257,81457389.57267922
708,1.219421459734074,0.45056787011504235,1.0459402673239757,82535146.49453492
707,1.238951127126696,0.446637708114391,1.0597790600916528,83627165.63183232
706,1.2586526446682784,0.4427418276823469,1.0738009854576576,84733635.76246376
705,1.2785275245440109,0.43887992979155455,1.0880084674202826,85854748.1641345
704,1.2985772922454575,0.4350517180229819,1.102403962076886,86990696.64748707
703,1.3188034866876612,0.43125689854316585,1.1169899580492504,88141677.58966635
702,1.3392076603272582,0.42749518008166004,1.1317689769145771,89307889.96832928
701,1.3597913792816265,0.4237662739086802,1.1467435736421911,90489535.3961053
700,1.3805562234491093,0.42006989381293963,1.1619163370360612,91686818.1555156
699,1.4015037866302653,0.4164057560796841,1.1772898901831665,92899945.23435368
698,1.4226356766502102,0.4127735794689133,1.1928668909078337,94129126.36153716
697,1.4439535154820229,0.4091730851937948,1.2086500322320897,95374574.0434342
696,1.4654589393712318,0.40560399689926735,1.2246420428421219,96636503.60067184
695,1.4871535989614162,0.40206604064082707,1.2408456875609413,97915133.20543388
694,1.5090391594208965,0.3985589448635018,1.2572637678273055,99210683.91925268
693,1.531117300570536,0.39508244038100926,1.2738991221809952,100523379.73130234
692,1.5533897170126894,0.39163626035509347,1.2907546267545458,101853447.59720121
691,1.5758581182612619,0.3882201402750448,1.3078331957714906,103201117.47832832
690,1.5985242288729204,0.3848338179373984,1.3251377820512167,104566622.3816615
689,1.6213897885794748,0.38147703342580647,1.3426713775205352,105950198.40014544
688,1.6444565524213908,0.3781495290910914,1.3604370137320185,107352084.75359358
687,1.6677262908825177,0.37485104953146725,1.378437762389243,108772523.83013517
686,1.6912007900259702,0.37158134157293776,1.3966767358789824,110211761.22821051
685,1.7148818516312136,0.3683401542498649,1.41515708781047,111670045.79912418
684,1.7387712933323747,0.3651272387857035,1.4338820135618326,113147629.69016421
683,1.7628709487577323,0.3619423485739098,1.4528547508337522,114644768.38829139
682,1.787182667670478,0.35878523915901,1.472078580210505,116161720.76441094
681,1.8117083161106828,0.35565566821783906,1.4915568257284286,117698749.1182303
680,1.836449776538521,0.3525533955409414,1.5112928554519387,119256119.22371249
679,1.8614089479787688,0.3494781830141323,1.5312900820572033,120834100.37513392
678,1.88658774616656,0.3464297946002223,1.5515519634235564,122432965.43375283
677,1.911988103694418,0.34340799632090097,1.5720820032327583,124052990.87509696
676,1.9376119701606052,0.3404125562387765,1.5928837515762306,125694456.83688036
675,1.9634613123187616,0.3374432444395738,1.6139608055703392,127357647.16755547
674,1.9895381142288486,0.33449983301448893,1.635316809979841,129042849.47550926
673,2.015844377409457,0.33158209604269356,1.656955457849634,130750355.17891462
672,2.0423821209914115,0.32868980957399696,1.6788804911448645,132480459.55624126
671,2.069153381872765,0.32582275161165475,1.7010957013995613,134233461.7974394
670,2.096160214875135,0.32298070209533036,1.72360493037387,136009665.05580208
669,2.1234046929014125,0.32016344288420523,1.7464120707200088,137809376.5005159
668,2.150888907094884,0.31737075774023366,1.7695210666570897,139632907.36991096
667,2.178614966999717,0.31460243231154744,1.7929359146548765,141480573.0254163
666,2.2065850007228947,0.3118582541160017,1.8166606641266478,143352693.00623378
665,2.2348011550975535,0.30913801252486645,1.8406994181312482,145249591.0847368
664,2.263265595847751,0.3064414987466608,1.8650563340844573,147171595.32260454
663,2.2919805077547135,0.30376850581112563,1.8897356244798318,149119038.12770352
662,2.32094809482452,0.30111882855333827,1.9147415576191038,151092256.31172347
661,2.3501705804572617,0.2984922635979661,1.9400784583522759,153091591.14857808
660,2.379650207617715,0.29588860934365485,1.965750708827573,155117388.4335838
659,2.4093892390074934,0.2933076659475554,1.991762749251337,157169998.543423
658,2.4393899572387077,0.2907492353099861,2.018119078658009,159249776.49690348
657,2.469654665009193,0.2882131210592252,2.044824255690377,161357082.01652765
656,2.5001856852792237,0.2856991285364411,2.071882899390142,163492279.5908761
655,2.5309853614498325,0.28320706478074925,2.099299689999029,165655738.53782338
654,2.5620560575426756,0.28073673851440206,2.1270793697705277,167847833.06859234
653,2.5934001583814634,0.27828796012810864,2.1552267437923978,170068942.3526581
652,2.625020069775036,0.2758605416664793,2.1837466808201498,172319450.58351803
651,2.6569182187019913,0.27345429681360117,2.2126441141215496,174599747.04533148
650,2.6890970534969916,0.27106904087873585,2.241924042332395,176910226.18044928
649,2.721559044038675,0.2687045907821442,2.2715915303236303,179251287.65783766
648,2.7543066819392203,0.2663607650410349,2.3016517100799883,181623336.44241187
647,2.7873424807356098,0.2640373837556332,2.3321097815903373,184026782.86529353
646,2.8206689760825436,0.26173426859537374,2.362971013749832,186462042.69499925
645,2.854288725947057,0.2594512427852132,2.3942407452740593,188929537.209576
644,2.888204310804874,0.25718813109206085,2.4259243856253607,191429693.26969722
643,2.92241833383846,0.25494475981132914,2.4580274159514395,193962943.3927281
642,2.9569334211368212,0.25272095675360173,2.490555390036448,196529725.82777613
641,2.9917522218970927,0.2505165512314156,2.523513935264748,199130484.6317413
640,3.026877408627846,0.24833137404616173,2.5569087535974377,201765669.7463738
639,3.062311677354246,0.24616525747509674,2.5907456225619083,204435737.0763602
638,3.09805774782497,0.24401803525847007,2.625030396254527,207141148.56844473
637,3.134118363720952,0.24188954258676346,2.6597690063566515,209882372.29160336
636,3.170496292865997,0.2397796160880393,2.6949674631641862,212659882.51828593
635,3.2071943274391996,0.23768809381540307,2.7306318566307795,215474159.8067348
634,3.2442152841892744,0.23561481523457142,2.7667683574249464,218325691.08440253
633,3.2815620046507537,0.23355962121155122,2.803383218001214,221214969.73247582
632,3.3192373553620733,0.23152235400042562,2.8404827736855105,224142495.67152363
631,3.3572442280856096,0.22950285723124544,2.878073443775023,227108775.44828707
630,3.3955855400296375,0.22750097589802734,2.916161732652656,230114322.3236211
629,3.4342642340722156,0.2255165563468571,2.9547542309163064,233159656.36160573
628,3.4732832789870995,0.22354944626409473,2.9938576165231985,236245304.5198456
627,3.5126456696715893,0.2215994946646843,3.033478655949406,239371800.74096763
626,3.5523544273763976,0.2196665518805656,3.073624205364798,242539686.04533622
625,3.5924125999375667,0.21775046954918528,3.1143012118236597,245749508.62500498
624,3.632823262010377,0.21585110060211057,3.1555167144710885,249001823.93891358
623,3.673589515305367,0.21396829925373992,3.197277845765507,252297194.80935615
622,3.7147144888263917,0.2121019209901138,3.2395918327173967,255636191.51972976
621,3.7562013391107794,0.21025182255782307,3.28246599814452,259019391.91358408
620,3.7980532504716358,0.20841786195301243,3.325907761943882,262447381.49499175
619,3.840273435242228,0.2065998984104822,3.3699246423805667,265920753.53025052
618,3.882865134022567,0.2047977923928829,3.41452425739377,269440109.1509424
617,3.925831615928133,0.20301140558000547,3.4597143259201957,273006057.45836264
616,3.969176178840782,0.20124060085816511,3.5055026692350473,276619215.6293376
615,4.0129021496618975,0.19948524230967613,3.551897212310919,280280209.0234546
614,4.057012884567734,0.19774519520242007,3.5989059851947323,283989671.29171634
613,4.101511769267009,0.19602032597950494,3.646537124403001,287748244.4866408
612,4.146402219260791,0.1943105022490131,3.694798874335715,291556579.1738313
611,4.191687680104652,0.19261559277384005,3.7436995887090054,295415334.5450276
610,4.237371627673111,0.19093546746162168,3.793247732006883,299325178.53266317
609,4.283457568426457,0.1892699973547482,3.8434518809523577,303286787.9259505
608,4.32994903967985,0.18761905462046713,3.8943207259980714,307300848.4885078
607,4.3768496098748555,0.18598251254107043,3.945863072836857,311368055.0775564
606,4.424162878853332,0.1843602455041689,3.998087843932359,315489111.76470244
605,4.471892478133721,0.18275212899305115,4.051004080070052,319664731.9583278
604,4.520042071189806,0.18115803957712537,4.104620941928949,323895638.52761334
603,4.56861535373188,0.17957785490244663,4.158947711674185,328182563.9282099
602,4.617616053990429,0.17801145368232454,4.213993794570882,332526250.3295883
601,4.667047933002282,0.17645871568801452,4.2697687206194646,336927449.744082
600,4.716914784899276,0.17491952173948988,4.326282146212757,341386924.1576487
599,4.767220437199498,0.17339375369629353,4.383543855815215,345905445.6623786
598,4.817968751101054,0.17188129444847042,4.441563763664466,350483796.59076303
597,4.869163621778421,0.17038202790757928,4.500351915495549,355122769.6517538
596,4.920808978681444,0.16889583899778143,4.559918490288143,359823168.0686374
595,4.972908785836932,0.1674226136470086,4.620273802037067,364585805.71874493
594,5.025467042152895,0.16596223877820776,4.6814283015463465,369411507.2750222
593,5.078487781725518,0.1645146023006609,4.743392578247266,374301108.3494918
592,5.131975074148754,0.16307959310138273,4.806177362040559,379255455.63862056
591,5.185933024826724,0.1616571010365912,4.869793525163244,384275407.07063156
590,5.240365775288808,0.16024701692325388,4.934252084080288,389361831.9547756
589,5.2952775035075135,0.158849232530708,4.999564201401489,394515611.1325915
588,5.350672424219187,0.1574636405723524,5.065741187823968,399737637.1311893
587,5.406554789247478,0.15609013469741376,5.132794504100481,405028814.31856894
586,5.462928887829722,0.15472860948278266,5.200735763034063,410390059.06101793
585,5.519799046946146,0.15337896042492244,5.269576731499211,415822299.88260275
584,5.577169631651961,0.15204108393184837,5.33932933249001,421326477.6267867
583,5.6350450454124426,0.1507148773151756,5.410005647195647,426903545.6202085
582,5.693429730440897,0.14940023878223785,5.481617917103555,432554469.8386415
581,5.752328168039607,0.14809706742827466,5.554178546130578,438280229.07516396
580,5.811744878943822,0.14680526322868576,5.627700102782665,444081815.1105801
579,5.871684423668737,0.145524727031354,5.702195322343285,449960232.88610864
578,5.932151402859511,0.14425536054903534,5.777677109091065,455916500.6783759
577,5.993150457644429,0.14299706635181417,5.854158538547049,461951650.2767476
576,6.054686269991086,0.14174974785962574,5.931652859751889,468066727.16302156
575,6.116763563065795,0.14051330933484252,6.010173497573493,474262790.6935243
574,6.179387101596081,0.13928765587492636,6.089734055045395,480540914.2836321
573,6.242561692236399,0.1380726934051444,6.170348315736371,486902185.594757
572,6.3062921839370905,0.13686832867134763,6.252030246151723,493347706.7238325
571,6.370583468316528,0.13567446923281423,6.334793998166519,499878594.39532
570,6.435440480036606,0.13449102345515337,6.41865391149143,506495980.1557887
569,6.500868197181483,0.13331790050327225,6.503624516171407,513201010.57108575
568,6.566871641639654,0.13215501033440438,6.589720535117722,519994847.4261395
567,6.633455879489448,0.1310022636911977,6.676956886673895,526878667.92743707
566,6.700626021387843,0.12985957209486396,6.7653486872158055,533853664.9081992
565,6.7683872229627235,0.128726847838388,6.8549112537865335,540921047.0362954
564,6.836744685208636,0.127604003979795,6.945660106766471,548082039.0249423
563,6.905703654885968,0.1264909543354777,7.037610972579012,555337881.8462099
562,6.975269424923643,0.1253876134735817,7.130779786432394,562689832.9473802
561,7.045447334825425,0.12429389670744748,7.225182695098259,570139166.4702036
560,7.116242771079703,0.1232097200891109,7.320836059727201,577687173.4730734
559,7.187661167572964,0.12213500040285936,7.417756458702061,585335162.1561797
558,7.259708006006862,0.12106965515884476,7.515960690529284,593084458.0896658
557,7.332388816318932,0.12001360258675232,7.615465776768876,600936404.444832
556,7.405709177107104,0.11896676162952363,7.716288965003667,608892362.2284393
555,7.47967471605781,0.11792905193713596,7.8184477318480665,616953710.5201309
554,7.554291110378003,0.11690039386043426,7.921959785997228,625121846.7130413
553,7.6295640872308805,0.11588070844501806,8.026843071316847,633398186.7576123
552,7.70549942417545,0.11486991742518161,8.133115769974289,641784165.4086711
551,7.782102949610028,0.11386794321790605,8.24079630561167,650281236.475817
550,7.859380543219579,0.1128747089169048,8.349903346561279,658890873.0771505
549,7.93733813642698,0.11189013828672098,8.46045580910399,667614567.8963959
548,8.015981712848337,0.11091415575687533,8.572472860771377,676453833.4434694
547,8.095317308752229,0.10994668641606616,8.68597392369187,685410202.3185254
546,8.175351013522999,0.10898765600641983,8.800978677981703,694485227.4795362
545,8.256088970128198,0.1080369909177904,8.91750706518132,703680482.513458
544,8.337537375590024,0.10709461818211052,9.035579291737607,712997561.9110146
543,8.419702481461028,0.10616046546779008,9.155215832532873,722438081.345169
542,8.502590594303927,0.10523446107416468,9.276437434460968,732003677.953315
541,8.586208076175634,0.10431653392599263,9.399265120051233,741696010.6232427
540,8.670561345115642,0.10340661356799881,9.523720191141123,751516760.282946
539,8.755656875638566,0.10250463015946776,9.649824232597751,761467630.1942886
538,8.841501199231153,0.10161051446888233,9.777599116089501,771550346.2506225
537,8.928100904853581,0.10072419786861019,9.907067003907976,781766657.2783784
536,9.015462639445168,0.09984561232963649,10.038250352841143,792118335.3426945
535,9.1035931084346,0.0989746904163419,10.171171918098459,802607176.0571494
534,9.19249907625459,0.0981113652813268,10.305854757288458,813234998.8976322
533,9.282187366861047,0.09725557066028069,10.442322234449604,824003647.5204182
532,9.372664864256901,0.0964072408668956,10.580598024135274,834914990.0845144
531,9.463938513020459,0.09556631078782457,10.720706115553359,845970919.5783155
530,9.556015318838401,0.09473271587768417,10.862670816761302,857173354.1506343
529,9.648902349043578,0.09390639215409972,11.006516758917543,868524237.4461833
528,9.742606733157368,0.09308727619279508,11.152268900589664,880025538.9455304
527,9.83713566343698,0.09227530512272387,11.299952532120555,891679254.309633
526,9.932496395427469,0.0914704166212441,11.449593280052945,903487405.7289778
525,10.028696248518598,0.09067254890933482,11.601217111613234,915452042.2774004
524,10.125742606506696,0.08988164074685383,11.754850339255622,927575240.2706611
523,10.223642918161342,0.08909763142783769,11.910519625266925,939859103.6298131
522,10.322404697797143,0.08832046077584184,12.068251986433395,952305764.2494593
521,10.422035525850474,0.08755006913932191,12.228074798769974,964917382.3709387
520,10.522543049461277,0.08678639738705544,12.390015802312998,977696146.9605187
519,10.623934983060082,0.08602938690360284,12.554103105977319,990644276.0926702
518,10.726219108960093,0.08527897958480858,12.720365192478484,1003764017.3384771
517,10.829403277954478,0.08453511783334167,12.888830923320947,1017057648.159256
516,10.933495409919042,0.08379774455427424,13.059529543853406,1030527476.3054723
515,11.038503494420043,0.08306680315069968,13.232490688391778,1044175840.2209952
514,11.144435591327444,0.08234223751938853,13.407744385411045,1058005109.4527855
513,11.251299831433585,0.08162399204648191,13.585321062806887,1072017685.0660914
512,11.359104417077189,0.08091201160322348,13.765251553227765,1086216000.065203
511,11.467857622773007,0.08020624154172748,13.94756709947884,1100602519.8198752
510,11.577567795846893,0.07950662769078451,14.132299359998328,1115179742.497468
509,11.68824335707646,0.07881311635170381,14.319480414407376,1129950199.500886
508,11.799892801337505,0.07812565429419116,14.509142769134723,1144916455.912421
507,11.912524698255929,0.07744418875226378,14.701319363116621,1160081110.9435325
506,12.02614769286559,0.0767686674201997,14.896043573573685,1175446798.3906994
505,12.140770506271796,0.07609903844852342,15.093349221865113,1191016187.097376
504,12.256401936320682,0.07543525044002629,15.29327057942169,1206791981.4221656
503,12.373050858274535,0.07477725244582115,15.495842373758657,1222776921.7132957
502,12.490726225492985,0.07412499396143202,15.701099794569275,1238973784.7894616
501,12.609437070120185,0.07347842492291777,15.909078499900339,1255385384.4271357
500,12.729192503778146,0.0728374957030291,16.119814622410917,1272014571.8544455
499,12.850001718266046,0.07220215710739963,16.333344775715073,1288864236.2516763
498,12.971873986265724,0.07157236037077021,16.549706060809967,1305937305.2585144
497,13.094818662053479,0.0709480571532454,16.768936072590606,1323236745.4881246
496,13.21884518221796,0.07032919953658379,16.991072906451954,1340765563.0481236
495,13.343963066384559,0.06971574002051953,17.21615516498025,1358526804.0685916
494,13.47018191794604,0.06910763151911668,17.44422196473413,1376523555.2371702
493,13.597511424799617,0.06850482735715531,17.675312943117074,1394758944.3413684
492,13.725961360090633,0.06790728126654852,17.909468265342593,1413236140.818184
491,13.855541582962589,0.06731494738279165,18.14672863149289,1431958356.311104
490,13.986262039313972,0.06672778024144152,18.387135283672926,1450928845.2346306
489,14.118132762561615,0.06614573477462703,18.6307300132606,1470150905.3463938
488,14.25116387441077,0.06556876630759009,18.87755516825466,1489627878.326975
487,14.385365585632064,0.06499683055525637,19.127653660721784,1509363150.3675559
486,14.520748196845208,0.0644298836188363,19.381068974343858,1529360152.7654738
485,14.65732209930955,0.06386788198245584,19.63784517206691,1549622362.5277998
484,14.795097775721757,0.06331078250981609,19.898026903853484,1570153302.9830785
483,14.934085801020363,0.06275854244088253,20.161659414539212,1590956544.4012892
482,15.074296843197395,0.06221111938860316,20.4287885517954,1612035704.622175
481,15.215741664117317,0.06166847133565468,20.699460774199256,1633394449.6920633
480,15.358431120342903,0.06113055663121795,20.973723159412554,1655036494.5092447
479,15.50237616396867,0.06059733398778066,21.251623412471087,1676965603.4780934
478,15.647587843461416,0.06006876247796852,21.533209874185673,1699185591.1719913
477,15.794077304508253,0.05954480153140399,21.81853152965659,1721700323.0052013
476,15.941855790872136,0.05902541093159203,22.107638016903152,1744513715.9138277
475,16.0909346452548,0.05851055081283364,22.40057963560942,1767629739.0459394
474,16.241325310167458,0.05800018165716562,22.697407355988446,1791052414.4610484
473,16.393039328809014,0.05749426429132756,22.99817282776588,1814785817.8390057
472,16.54608834595202,0.05699275988375527,23.30292838928499,1838834079.1984785
471,16.70048410883656,0.0564956299415999,23.611727076734933,1863201383.6251535
470,16.856238468071865,0.056002836307773675,23.924622633503436,1887891972.009756
469,17.013363378545844,0.05551434115802124,24.241669519655904,1912910141.7960474
468,17.171870900342785,0.05503010699801618,24.56292292154293,1938260247.7389526
467,17.33177319966897,0.05455009666048333,24.8884387615374,1963946702.6729164
466,17.49308254978644,0.054074273302346126,25.218273707903283,1989973978.290648
465,17.655811331955153,0.053602600401898404,25.552485184798197,2016346605.9324257
464,17.819972036383145,0.053135041756001554,25.891131382410798,2043069177.3860362
463,17.985577263185363,0.05267156147730543,26.234271267235837,2070146345.6975799
462,18.152639723350703,0.05221212399149398,26.58196459248788,2097582825.9932184
461,18.32117223971762,0.051756694034554865,26.934271908656044,2125383396.3120484
460,18.491187747958424,0.051305236650072465,27.29125457420185,2153552898.4502683
459,18.662699297572054,0.05085771718654518,27.652974766401556,2182096238.8167467
458,18.83572005288578,0.05041410129472542,28.01949549233568,2211018389.3002086
457,19.01026329406559,0.04997435492498333,28.390880600027128,2240324388.1481404
456,19.18634241813546,0.049538444324693384,28.7671947897302,2270019340.85761
455,19.36397094000574,0.049106336035643454,29.148503625372907,2300108421.078176
454,19.54316249351039,0.04867799689146699,29.53487354615387,2330596871.527002
453,19.72393083245349,0.04825339401509722,29.92637187829682,2361490004.916402
452,19.906289831664925,0.04783249481624366,30.3230668469643,2392793204.893953
451,20.0902534880653,0.04741526698889072,30.72502758833292,2424511926.995351
450,20.275835921740295,0.047001678508818055,31.13232416183245,2456651699.6101985
449,20.46305137702446,0.04659169763114249,31.545027562551,2489218124.9608994
448,20.651914223594503,0.04618529288788152,31.96320973380838,2522216880.094819
447,20.842438957572256,0.04578243308553799,32.38694357990025,2555653717.8899283
446,21.03464020263732,0.04538308730270578,32.816302979015276,2589534468.0740952
445,21.228532711149473,0.04498722488769653,33.251362796327555,2623865038.2582073
444,21.42413136528106,0.04459481545618684,33.692198897267026,2658651414.983341
443,21.621451178159163,0.04420582888888633,34.13888816096991,2693899664.782136
442,21.820507295018,0.043820235329225674,34.59150849391216,2729615935.2546086
441,22.021314994361404,0.043438005181065,35.05013884372802,2765806456.158578
440,22.223889689135465,0.04305910910642231,35.51485921321645,2802477540.5149097
439,22.42824692791159,0.04268351802322158,35.985750674538004,2839635585.7277937
438,22.63440239607991,0.042311203103060635,36.46289538360475,2877287074.720251
437,22.842371917053217,0.04194213576899837,36.94637659466597,2915438577.0850916
436,23.05217145348151,0.04157628769336133,37.436278675092254,2954096750.2515297
435,23.26381710847714,0.041213630795569514,37.93268712036074,2993268340.667666
434,23.477325126850854,0.04085413723998099,38.435688569244384,3032960184.9990745
433,23.692711896358666,0.04049777943375535,38.94537081920811,3073179211.343712
432,23.909993948959652,0.040144530024735885,39.46182284201438,3113932440.4633546
431,24.129187962084888,0.03979436189935018,39.98513479954153,3155226987.0318217
430,24.35031075991751,0.03944724818052897,40.515398059817585,3197070060.9002056
429,24.573379314684058,0.039103162225643244,41.052705213272496,3239468968.3793325
428,24.798410747957192,0.03876207762445923,41.597150089212036,3282431113.539722
427,25.0254223319698,0.038423968197111386,42.148827772516064,3325963999.5292425
426,25.254431490940775,0.03808880799209288,42.707834620564824,3370075229.90877
425,25.485455802412403,0.03775657128426372,43.27426828039592,3414772510.0060425
424,25.718512998599486,0.037427232572876244,43.84822770609537,3460063648.287986
423,25.95362096775041,0.0371007665796178,44.42981317642616,3505956557.751788
422,26.190797755520144,0.036777148246670506,45.019126312697274,3552459257.334942
421,26.4300615663553,0.03645635273478799,45.61627009687682,3599579873.3445497
420,26.671430764891486,0.03613835542138876,46.22134888995261,3647326640.9061604
419,26.914923877362792,0.03582313189866642,46.83446845054332,3695707905.4323735
418,27.160559593023805,0.0355106579717162,47.45573595376416,3744732124.11153
417,27.40835676558414,0.03520090965667784,48.08526001035057,3794407867.4167633
416,27.65833441465546,0.034893863178894806,48.72315068604288,3844743820.6356435
415,27.910511727211397,0.03458949497108941,49.36951952123658,3895748785.4207788
414,28.16490805906022,0.03428778167155391,50.02447955090117,3947431681.3616114
413,28.421542936330454,0.033988700122357454,50.68814532477145,3999801547.577715
412,28.680436056969693,0.03369222736756846,51.36063292781552,4052867544.333923
411,28.941607292256393,0.0333983406514928,52.042060000982545,4106638954.6775327
410,29.205076688325168,0.0331070174169271,52.73254576223496,4161125186.097961
409,29.470864467705415,0.032818235303427354,53.432211027868775,4216335772.209125
408,29.73899103087346,0.032531972145592725,54.141178234125725,4272280374.454861
407,30.009476957818425,0.03224820597136418,54.85957145910202,4328968783.837741
406,30.282343009621805,0.03196691500033807,55.58751644495712,4386410922.671566
405,30.557610130050993,0.03168807764209438,56.325140620427206,4444616846.357911
404,30.83529944716688,0.03141167249453949,57.072573123647736,4503596745.187043
403,31.115432274945405,0.03113767834226357,57.82994482528851,4563360946.163516
402,31.39803011491359,0.030866074154912153,58.5973883520069,4623919914.856865
401,31.683114657799905,0.030596839085571897,59.37503811022289,4685284257.277688
400,31.970707785199068,0.030329952469170578,60.16303031022044,4747464721.779495
399,32.26083157125157,0.030065393820890903,60.96150299058011,4810472200.986676
398,32.55350828433803,0.02980314283459819,61.77059604294752,4874317733.748988
397,32.84876038878833,0.029543179381281818,62.59045123714198,4939012507.122873
396,33.14661054660592,0.029285483507510153,63.42121224661082,5004567858.38006
395,33.44708161920719,0.029030035433899124,64.26302467423321,5070995277.043742
394,33.75019666917618,0.028776815553594015,65.11603607847942,5138306406.952811
393,34.05597896203482,0.0285258044307645,65.9803959999304,5206513048.354507
392,34.3644519680286,0.02827698279911293,66.8562559881614,5275627160.025816
391,34.675639363928006,0.028030331560395524,67.74376962899696,5345660861.4241495
390,34.9895650348459,0.027785831782956467,68.64309257214074,5416626434.867626
389,35.30625307607076,0.027543464700274845,69.55438255918617,5488536327.74538
388,35.62572779491615,0.027303211709524183,70.47779945201333,5561403154.758371
387,35.94801371258637,0.027065054370144642,71.41350526157731,5635239700.191066
386,36.27313556605859,0.026828974402427607,72.3616641770935,5710058920.214448
385,36.6011183099816,0.02659495368611257,73.32244259562614,5785873945.220859
384,36.931987118591074,0.026362974258996412,74.2960091520844,5862698082.19098
383,37.26576738764192,0.026133018315554646,75.28253474963336,5940544817.093568
382,37.60248473635746,0.025905068205574793,76.28219259052464,6019427817.318299
381,37.94216500939586,0.02567910643280164,77.2951582073531,6099360934.142233
380,38.28483427883384,0.02545511565359427,78.32160949474567,6180358205.230381
379,38.63051884616778,0.025233078675594947,79.36172674148783,6262433857.170805
378,38.97924524433253,0.02501297845640946,80.41569266309496,6345602308.044824
377,39.331040239737945,0.024794798102299023,81.48369243483413,6429878170.032761
376,39.68593083432329,0.024578520866883655,82.56591372520269,6515276252.055744
375,40.04394426762978,0.024364130149856777,83.66254672987063,6601811562.454091
374,40.40510801889139,0.024151609495711074,84.77378420609297,6689499311.702796
373,40.769449809143936,0.02394094259247546,85.89982150759877,6778354915.164619
372,41.136997603352924,0.023732113270463012,87.04085661996415,6868393995.881371
371,41.50777961255984,0.023525105501029948,88.19709019647486,6959632387.4038315
370,41.88182429604755,0.023319903395345305,89.36872559448712,7052086136.660978
369,42.25916036352477,0.02311649120317137,90.55596891229273,7145771506.8690195
368,42.63981677732952,0.022914853311654843,91.75902902649534,7240704980.480747
367,43.023822754652215,0.022714974244128425,92.97811762990636,7336903262.175911
366,43.411207769778215,0.022516838658922917,94.21344926996696,7434383281.893093
365,43.80200155635006,0.022320431348189708,95.46524138770366,7533162197.903695
364,44.1962341096498,0.022125737236733427,96.73371435722622,7633257399.928721
363,44.59393568890111,0.021932741380854933,98.0190915257737,7734686512.298803
362,44.99513681959191,0.021741428967204286,99.32159925431837,7837467397.158262
361,45.3998682958174,0.021551785311643708,100.64146695873464,7941618157.713751
360,45.80816118264355,0.021363795858120562,101.97892715154063,8047157141.528071
359,46.220046818491525,0.0211774461775501,103.33421548422147,8154102943.859917
358,46.635556817543076,0.020992721966707924,104.70757079014226,8262474411.050125
357,47.05472307216708,0.02080960904713219,106.09923512805895,8372290643.955132
356,47.477577755367435,0.020628093364035295,107.50945382623628,8483571001.428305
355,47.90415332325244,0.020448160985225162,108.9384755271804,8596335103.849806
354,48.33448251752599,0.020269798100035846,110.38655223299651,8710602836.705755
353,48.76859836800073,0.020092991018267475,111.85393935137947,8826394354.217354
352,49.20653419513311,0.01991772616913552,113.34089574224625,8943730083.02065
351,49.64832361258096,0.019743990100229133,114.8476837650204,9062630725.89776
350,50.09400052978354,0.01957176947647862,116.37456932657754,9183117265.560234
349,50.54359915456415,0.019401051079131922,117.92182192986053,9305210968.485294
348,50.99715399575587,0.019231821804739972,119.48971472317585,9428933388.805807
347,51.45469986585018,0.019064068664150998,121.0785245501787,9554306372.2546
346,51.916271883668955,0.018897778781513528,122.68853200055842,9681352060.164064
345,52.381905477060165,0.01873293939328806,124.32002146143458,9810092893.521803
344,52.85163638561695,0.018569537847267472,125.97328116947158,9940551617.083002
343,53.32550066342088,0.01840756160160586,127.64860326372545,10072751283.540575
342,53.80353468180932,0.018246998223855903,129.34628383923095,10206715257.753714
341,54.28577513216699,0.018087835390014614,131.06662300134062,10342467221.035788
340,54.77225902874235,0.017930060883577407,132.80992492082694,10480031175.502455
339,55.26302371148852,0.01777366259460042,134.5764978897579,10619431448.480795
338,55.75810684892926,0.017618628518771058,136.36665437815734,10760692696.980396
337,56.257546441050394,0.01746494675648653,138.18071109146297,10903839912.227343
336,56.76138082221619,0.0173126055119406,140.01898902879003,11048898424.261822
335,57.26964866411201,0.017161593092218094,141.8818135420174,11195893906.600594
334,57.78238897871246,0.017011897906397466,143.76951439570323,11344852380.964941
333,58.29964112127551,0.016863508464661184,145.6824258278444,11495800222.075203
332,58.8214447933636,0.016716413377413728,147.6208866114937,11648764162.512966
331,59.34784004589051,0.016570601354407494,149.58524011724256,11803771297.651611
330,59.878867282195806,0.016426061203876123,151.57583437658775,11960849090.65654
329,60.4145672611458,0.016282781831675537,153.5930221461898,12120025377.555838
328,60.95498110026209,0.016140752240432363,155.63716097303976,12281328372.382566
327,61.50015027887734,0.015999961528699903,157.70861326054433,12444786672.389553
326,62.05011664131914,0.015860398890121353,159.80774633554668,12610429263.337988
325,62.604922400121886,0.01572205361260033,161.93493251629354,12778285524.860723
324,63.16461013926656,0.01558491507747873,164.09054918136295,12948385235.90135
323,63.7292228174495,0.015448972758721634,166.27497883956798,13120758580.230309
322,64.29880377137927,0.015314216222109479,168.4886092008483,13295436152.038939
321,64.87339671910354,0.015180635124437056,170.73183324816856,13472448961.61298
320,65.45304576336407,0.015048219212719748,173.0050493104315,13651828441.08615
319,66.03779539498228,0.014916958323406455,175.30866113642858,13833606450.27558
318,66.62769049627391,0.014786842381599547,177.6430779698365,14017815282.599798
317,67.2227763444938,0.014657861400281597,180.0087146252781,14204487671.080694
316,67.82309861531154,0.014530005479548741,182.40599156546546,14393656794.43088
315,68.42870338631684,0.014403264805850921,184.8353349794348,14585356283.2272
314,69.0396371405566,0.014277629651238556,187.29717686189704,14779620226.172297
313,69.65594677010246,0.014153090372615921,189.79195509371348,14976483176.444931
312,70.27767957965014,0.014029637411000977,192.3201135235181,15175980158.140814
311,70.90488329015008,0.01390726129079171,194.88210205049998,15378146672.804953
310,71.53760604247043,0.013785952619038802,197.47837670836583,15583018706.057148
309,72.17589640109212,0.013665702084724656,200.1093997504987,15790632734.311853
308,72.8198033578363,0.013546500458048774,202.7756397363293,16001025731.593746
307,73.46937633562487,0.01342833858971929,205.47757161894054,16214235176.450598
306,74.1246651922735,0.013311207410250782,208.21567683392,16430299058.964628
305,74.78572022431909,0.013195097929268042,210.9904433894848,16649255887.864244
304,75.45259217087961,0.013080001234816138,213.8023659578888,16871144697.737005
303,76.12533221754916,0.012965908492676278,216.65194596814095,17096005056.346003
302,76.80399200032636,0.012852810945687791,219.53969170004666,17323877072.050682
301,77.48862360957757,0.012740699913076001,222.4661183795941,17554801401.33377
300,78.17927959403552,0.012629566789785857,225.43174827570962,17788819256.436245
299,78.87601296483209,0.012519403045821545,228.4371107983942,18025972413.101288
298,79.57887719956769,0.01241020022559169,231.4827425982706,18266303218.42953
297,80.28792624641562,0.0123019499472604,234.5691876675551,18509854598.84677
296,81.00321452826304,0.01219464390210389,237.69699744247907,18756670068.186024
295,81.72479694688788,0.012088273853872787,240.86673090717986,19006793735.885563
294,82.45272888717302,0.01198283163815993,244.07895469908482,19260270315.304783
293,83.1870662213575,0.0118783091617737,247.33424321581026,19517145132.159588
292,83.92786531332473,0.011774698402116854,250.63317872359568,19777464133.078934
291,84.67518302292879,0.011671991406570737,253.97635146729974,20041273894.284622
290,85.42907671035854,0.011570180291884917,257.3643597819776,20308621630.395855
289,86.18960424054063,0.01146925724357204,260.79781020606947,20579555203.360943
288,86.95682398758044,0.01136921451530811,264.2773175962144,20854123131.517277
287,87.73079483924305,0.011270044428337851,267.80350524372636,21132374598.782448
286,88.5115762014729,0.01117173937088536,271.3770049927458,21414359463.977573
285,89.29922800295336,0.011074291797569894,274.99845736009826,21700128270.285355
284,90.0938106997069,0.010977694228826652,278.66851165688746,21989732254.84499
283,90.89538527973495,0.01088193925033277,282.3878261118402,22283223358.48531
282,91.7040132676994,0.010787019512438167,286.1570679964412,22580654235.599174
281,92.51975672964468,0.010692927729601455,289.9769137518746,22882078264.160423
280,93.34267827776186,0.010599656679830729,293.8480491178057,23187549555.886047
279,94.17284107519401,0.010507199204129269,297.77116926302665,23497122966.545433
278,95.0103088408846,0.010415548205946031,301.74697891799804,23810854106.419224
277,95.85514585446823,0.010324696650630946,305.77619250931315,24128799350.9099
276,96.70741696120434,0.010234637564894991,309.8595342961126,24451015851.306244
275,97.56718757695444,0.010145364036274944,313.9977385084814,24777561545.70427
274,98.43452369320273,0.010056869212602858,318.1915494878549,25108495170.08663
273,99.30949188212197,0.009969146301480056,322.44172182947216,25443876269.56365
272,100.1921593016824,0.00988218856975586,326.7490205268938,25783765209.777187
271,101.08259370080714,0.00979598934301072,331.11422111863277,26128223188.471313
270,101.9808634245719,0.009710542005043954,335.53810983691517,26477312247.230976
269,102.88703741945058,0.009625839997365946,340.02148375861026,26831095283.391937
268,103.80118523860783,0.009541876818694688,344.5651509583671,27189636062.12475
267,104.72337704723691,0.00945864602445685,349.16993066397873,27552999228.69456
266,105.65368362794577,0.009376141226293065,353.8366534140232,27921250320.90057
265,106.59217638618964,0.009294356091567625,358.5661612178028,28294455781.69682
264,107.53892735575191,0.009213284342882407,363.3593077176255,28672682971.997826
263,108.49400920427281,0.009132919757595073,368.2169583534586,29056000183.671417
262,109.45749523882711,0.009053256167341447,373.1399905299954,29444476652.721935
261,110.42945941155104,0.008974287457562033,378.12929378617076,29838182572.666737
260,111.40997632531817,0.008896007567032726,383.185769967159,30237189108.108517
259,112.39912123946573,0.00881841048739957,388.310333398897,30641568408.50696
258,113.39697007557075,0.008741490262717614,393.50391106516867,31051393622.15246
257,114.40359942327801,0.008665240988993714,398.7674427872935,31466738910.34533
256,115.41908654617795,0.008589656813733436,404.10188140645175,31887679461.783108
255,116.4435093877377,0.00851473193549179,409.5081929686976,32314291507.159927
254,117.47694657728329,0.008440460603427971,414.98735691269076,32746652333.980427
253,118.51947743603455,0.008366837116863974,420.5403662601943,33184840301.59193
252,119.57118198319404,0.008293855824846987,426.16822780938384,33628934856.43848
251,120.6321409420882,0.008221511125715715,431.87196233100144,34079016547.53932
250,121.70243574636385,0.008149797466670371,437.6526047674121,34535167042.19649
249,122.78214854623822,0.008078709343346507,443.5112044345934,34997469141.93377
248,123.8713622148047,0.008008241299392507,449.4488252271158,35466006798.67171
247,124.97016035439327,0.00793838792605081,455.4665458261486,35940865131.14139
246,126.07862730298763,0.007869143861742752,461.5654599105498,36422130441.54149
245,127.19684814069879,0.007800503791657019,467.7466763710801,36909890232.44193
244,128.32490869629513,0.0077324624473417295,474.0113195277907,37404233223.937965
243,129.46289555379016,0.007665014606300055,480.3605293506347,37905249371.058586
242,130.61089605908802,0.007598155091589378,486.7954616833518,38413029881.43329
241,131.76899832668835,0.007531878771423905,493.31728847068274,38927667233.22157
240,132.93729124644872,0.0074661805587808204,499.9271979889513,39449255193.30815
239,134.115864490408,0.007401055411009793,506.6263950800848,39977888835.76949
238,135.30480851966882,0.007336498329445947,513.4161013891107,40513664560.61473
237,136.50421459134066,0.007272504359026207,520.29755560519,41056680112.80555
236,137.71417476554495,0.007209068587908932,527.2720137062482,41607034601.56005
235,138.9347819124802,0.007146186147096959,534.3407492072461,42164828519.94379
234,140.166129719551,0.007083852210063839,541.5050534121633,42730163764.75381
233,141.40831269855877,0.007022061992383401,548.76623566974,43303143656.69918
232,142.6614261929559,0.006960810751362516,556.1256236330424,43883872960.88338
231,143.9255663851636,0.006900093785677091,563.5845635229074,44472457907.59262
230,145.20083030395458,0.006839906435011204,571.1444203953329,45069006213.39571
229,146.48731583190076,0.006780244079699395,578.8065784128737,45673627102.55987
228,147.7851217128858,0.006721102140372099,586.5724411201002,46286431328.7871
227,149.09434755968442,0.006662476077604148,594.443431723192,46907531197.277084
226,150.4150938616077,0.006604361391566371,602.4209933737237,47537040587.12054
225,151.74746199221687,0.006546753621680171,610.506589456721,48175074974.029854
224,153.09155421710338,0.006489648346275198,618.7017038830351,48821751453.41029
223,154.44747370173897,0.006433041182249931,627.0078413861258,49477188763.77919
222,155.81532451939398,0.00637692778473526,635.4265278233058,50141507310.53706
221,157.19521165912474,0.006321303846761027,643.959310481519,50814829190.096664
220,158.58724103383315,0.006266165098925395,652.6077583877405,51497278214.37661
219,159.9915194883949,0.006211507309067202,661.3734626240436,52188979935.66328
218,161.40815480786125,0.006157326281941082,670.2580366474365,52890061671.84921
217,162.83725572573138,0.006103617858895481,679.2631166145221,53600652532.05194
216,164.27893193229866,0.0060503779175534525,688.3903617110709,54320883442.620605
215,165.73329408306938,0.0059976023714962585,697.6414544865755,55050887173.535675
214,167.20045380725642,0.005945287169949708,707.018101193875,55790798365.20868
213,168.6805237163475,0.005893428297473231,716.5220321339258,56540753555.68809
212,170.17361741274837,0.00584202177365169,726.1550020057956,57300891208.27733
211,171.67984949850256,0.005791063652789852,735.9187902619726,58071351739.57226
210,173.19933558408698,0.005740550023609559,745.8152014690648,58852277547.923904
209,174.7321922972867,0.005690477008949486,755.8460656739918,59643813042.334694
208,176.27853729214547,0.005640840765467587,766.0132387757304,60446104671.792885
207,177.8384892579972,0.005591637483346066,776.318602902734,61259300955.05474
206,179.41216792857566,0.005542863385998972,786.7640667960904,62083552510.87949
205,180.999694091204,0.0054945147297823385,797.3515661985189,62919012088.72512
204,182.60118959606677,0.005446587803706816,808.0830642493117,63765834599.91319
203,184.21677736556148,0.005399078929152863,818.9605518852907,64624177149.26829
202,185.84658140373446,0.005351984459588369,829.9860482479033,65494199067.24205
201,187.490726805798,0.005305300780288783,841.1616010965311,66376061942.52727
200,189.1493397677326,0.0052590243080596535,852.4892872281301,67269929655.17175
199,190.82254759597242,0.00521315149096162,863.9712129032883,68175968410.19849
198,192.5104787171769,0.005167678808037775,875.6095142788197,69094346771.74167
197,194.21326268808886,0.005122602769043397,887.4063578469927,70025235697.70619
196,195.93103020547747,0.005077919914178085,899.36394088149,70968808574.95837
195,197.66391311617085,0.005033626813820179,911.4844918902287,71925241255.05795
194,199.41204442717475,0.00498972006826355,923.7702710751279,72894712090.53835
193,201.17555831588294,0.0049461963074566165,936.2235707989661,73877401971.74641
192,202.9545901403745,0.004903052190743717,948.8467160594046,74873494364.24762
191,204.74927644980437,0.004860284406608667,961.6420649703308,75883175346.8088
190,206.5597549948837,0.004817889672420599,974.6120092506139,76906633649.96594
189,208.3861647384524,0.004775864734182012,987.7589747203981,77944060695.18661
188,210.2286458661462,0.004734206366278992,1001.085421805072,78995650634.63823
187,212.0873397971554,0.004692911371233653,1014.5938460470081,80061600391.56941
186,213.96238919508056,0.004651976579458697,1028.2867786252345,81142109701.31726
185,215.853937978882,0.0046113988490141394,1042.1667868831346,82237381152.94815
184,217.76213133392653,0.00457117506536615,1056.236474864328,83347620231.54413
183,219.6871157231306,0.004531302141148008,1070.4984838568507,84473035361.14409
182,221.62903889820242,0.00449177701592312,1084.9554929457845,85613837948.35185
181,223.58804991098293,0.004452596655950114,1099.610219574463,86770242426.62086
180,225.5642991248858,0.004413758053949993,1114.465420114393,87942466301.22676
179,227.55793822643867,0.0043752582288753075,1129.5238904440403,89130730194.93922
178,229.56912023692533,0.0043370942256813596,1144.7884665366141,90335257894.40422
177,231.5979995241321,0.004299263115099362,1160.2620250570217,91556276397.24957
176,233.64473181419442,0.004261761993411636,1175.9474839681002,92794015959.92279
175,235.70947420355154,0.004224587982228707,1191.84780314633,94048710146.2769
174,237.79238517100322,0.00418773822826839,1207.9659850071387,95320595876.91331
173,239.89362458987355,0.004151209903136793,1224.3050751399735,96609913479.2953
172,242.01335374028332,0.004115000203111201,1240.868162953318,97916906738.64632
171,244.1517353215272,0.004079106348924907,1257.6583823297735,99241822949.64243
170,246.30893346456335,0.004043525585553863,1274.6789122914206,100584912968.916
169,248.48511374461037,0.004008255182005235,1291.932977675589,101946431268.38072
168,250.6804431938563,0.003973292431107777,1309.4238498212312,103326635989.39336
167,252.89509031427866,0.003938634649304054,1327.1548472660597,104725788997.76477
166,255.12922509057802,0.003904279176444461,1345.1293364546393,106144155939.63559
165,257.38301900322574,0.0038702233755830355,1363.3507324576092,107582006298.22993
164,259.6566450416252,0.0038364646327750684,1381.8224997022066,109039613451.50113
163,261.95027771738995,0.0038030003568764663,1400.5481527143,110517254730.68541
162,264.2640930777375,0.0037698279793448824,1419.5312568720958,112015211479.77708
161,266.5982687190032,0.0037369449540425445,1438.7754291717526,113533769115.94301
160,268.95298380027003,0.0037043487570408537,1458.2843390050407,115073217190.88776
159,271.32841905712127,0.003672036886426637,1478.0617089493123,116633849453.19023
158,273.72475681551225,0.003640006862110125,1498.1113155699293,118215963911.62312
157,276.1421810057642,0.0036082562256346006,1518.4369902353849,119819862899.47423
156,278.58087717668286,0.0035767825399876823,1539.0426199453389,121445853139.88669
155,281.0410325097992,0.003545583389414291,1559.9321481717416,123094245812.23213
154,283.5228358337372,0.0035146563792312143,1581.1095757133098,124765356619.53728
153,286.0264776387072,0.0034839991356433106,1602.5789615635442,126459505856.97928
152,288.55215009112703,0.003453609305561305,1624.344423792528,128177018481.46838
151,291.10004704837087,0.0034234845564211874,1646.410140442725,129918224182.33542
150,293.6703640736495,0.0033936225760051704,1668.7803504390297,131683457453.14383
149,296.26329845102106,0.0033640210722642107,1691.4593545132934,133473057664.64398
148,298.8790492005326,0.003334677773142092,1714.4515161435588,135287369138.88823
147,301.5178170934969,0.003305590426401026,1737.7612625082716,137126741224.52771
146,304.17980466790067,0.0032767567994487993,1761.39308545569,138991528373.3085
145,306.8652162439533,0.0032481746791673833,1785.3515424887923,140882090217.79062
144,309.5742579397661,0.0032198418717430976,1809.641257765873,142798791650.30502
143,312.3071376871756,0.0031917562024981992,1834.2669231171665,144742002903.1756
142,315.06406524770216,0.0031639155157239763,1859.2332990777056,146712099630.22174
141,317.8452522286492,0.003136317674515296,1884.545215936708,148709462989.56564
140,320.6509120993473,0.003108960560606566,1910.2075748037992,150734479727.7678
139,323.48126020753654,0.0030818420742091705,1936.225348692281,152787542265.3079
138,326.33651379589764,0.0030549601338502818,1962.603583619821,154869048783.44006
137,329.2168920187249,0.003028312676213109,1989.3473997267765,156979403312.43994
136,332.12261595874827,0.0030018976559785227,2016.4619924125006,159119015821.27042
135,335.05390864410145,0.0029757130456680744,2043.9526334899042,161288302308.68835
134,338.01099506544097,0.0029497568354883742,2071.8246723585994,163487684895.81708
133,340.99410219321584,0.002924027033176823,2100.0835371969383,165717591920.2104
132,344.00345899508767,0.002898521663848705,2128.7347361732327,167978458031.42978
131,347.03929645350587,0.002873238769845602,2157.7838586765274,170270724288.16476
130,350.1018475834354,0.00284817641058514,2187.2365765672052,172594838256.91815
129,353.1913474502435,0.0028233326624120293,2217.098645447819,174951254112.28738
128,356.3080331877401,0.0027987056184504274,2247.375905954417,177340432738.86304
127,359.4521440163809,0.002774293388457566,2278.0742850687866,179762841834.77795
126,362.62392126162786,0.0027500940986786696,2309.1997974519127,182218956016.93042
125,365.823608372471,0.002726105891703144,2340.758546799013,184709256927.91013
124,369.0514509401166,0.002702326926321996,2372.7567272165743,187234233344.65988
123,372.30769671683476,0.0026787553773865275,2405.20062462167,189794381288.896
122,375.5925956349782,0.0026553894356682334,2438.0966181640265,192390204139.32333
121,378.9063998261639,0.0026322273077199437,2471.451181671153,195022212745.6707
120,382.2493636406268,0.00260926721573816,2505.2708851169737,197690925544.58038
119,385.62174366674054,0.0025865073974266125,2539.5623961143265,200396868677.3815
118,389.02379875071307,0.0025639461058609868,2574.3324814317634,203140576109.78046
117,392.455790016455,0.0025415816093548355,2609.5880085350577,205922589753.5014
116,395.91798088562075,0.0025194121913266723,2645.3359471538074,208743459589.90695
115,399.4106370978284,0.002497436150168208,2681.583370873612,211603743795.63672
114,402.9340267310549,0.002475651799113756,2718.337458754202,214504008870.2941
113,406.48842022221504,0.0024540574661107463,2755.6054969740376,217444829766.2213
112,410.07409038791553,0.002432651493691409,2793.3948805017253,220426790020.39114
111,413.69131244539784,0.0024114322388455373,2831.713114794821,223450481888.45935
110,417.3403640336612,0.002390398072894387,2870.5678175264,226516506481.00824
109,421.0215252347716,0.002369547381365672,2909.9667203398894,229625473902.02066
108,424.73507859536204,0.0023488785638696346,2949.9176706327007,232778003389.6264
107,428.4813091483163,0.0023283900339762208,2990.4286333690497,235974723459.1517
106,432.26050443464936,0.0023080802190933018,3031.507692922575,239216272048.52042
105,436.0729545255763,0.002287947560345976,3073.1630549491792,242503296666.03973
104,439.91895204477527,0.0022679905124569247,3115.403048290626,245836454540.61328
103,443.79879219085035,0.002248207543627791,3158.236126909488,249216412774.4277
102,447.71277275998835,0.0022285971354216146,3201.67087185588,252643848498.14746
101,451.6611941688147,0.002209157782646289,3245.715993266566,256119449028.6647
100,455.6443594774543,0.00218988799323902,3290.3803323970483,259643912029.45108
99,459.6625744127915,0.0021707862881518085,3335.6728636871017,263217945673.5492
98,463.7161473919353,0.0021518512012379323,3381.6026968603846,266842268809.25296
97,467.80538954589395,0.0021330812791393997,3428.179079058748,270517611128.5258
96,471.9306147434533,0.00211447508117541,3475.4113970117282,274244713338.19547
95,476.09213961526996,0.0020960311792317648,3523.3091792419523,278024327333.9825
94,480.2902835781731,0.0020777481576512566,3571.882098306983,281857216377.40405
93,484.52536885968044,0.002059624613125016,3621.1399730782505,285744155275.60474
92,488.79772052273313,0.002041659154584789,3671.092771057764,289685930564.16815
91,493.1076664906424,0.002023850403096181,3721.750610733134,293683340692.9516
90,497.4555375722628,0.002006196991752803,3773.123763971726,297737196215.0089
89,501.84166748738187,0.001988697565571361,3825.222658454456,301848319978.6411
88,506.2663928923329,0.0019713507813876596,3878.0578801499973,306017547322.6363
87,510.73005340583825,0.0019541553077534984,3931.640175830134,310245726274.75586
86,515.2329916350748,0.0019371098248344815,3985.98045562685,314533717753.5147
85,519.7755532019697,0.001920213024308718,4041.089795631966,318882395773.3184
84,524.3580867697314,0.0019034636092663934,4096.979440540059,323292647653.01605
83,528.9809440696091,0.0018868602941102298,4153.660806335346,327765374227.9222
82,533.6444799278892,0.0018704018044568163,4211.145483023322,332301490065.37036
81,538.3490522931324,0.0018540868770387806,4269.445237408002,336901923683.8654
80,543.0950222636453,0.0018379142596078421,4328.572015915374,341567617775.8822
79,547.8827541151983,0.0018218827108386836,4388.537947464082,346299529434.39075
78,552.7126153289852,0.0018059910002336784,4449.355346383973,351098630383.1593
77,557.5849766198273,0.0017902379080284494,4511.036715383401,355965907210.9042
76,562.500211964631,0.0017746222250982341,4573.594748566217,360902361609.3602
75,567.4586986310879,0.0017591427528650923,4637.042334499107,365909010615.3245
74,572.4608172066364,0.0017437983032058976,4701.392559330378,370986886856.76013
73,577.5069516276708,0.0017285876983611488,4766.658709960901,376137038803.0147
72,582.59748920901,0.001713509770844575,4832.854277268179,381360531019.23206
71,587.7328206736275,0.0016985633633535174,4899.992959384532,386658444425.0334
70,592.9133401826413,0.001683747328680104,4968.088665030203,392031876557.5333
69,598.1394453655643,0.0016690605296232018,5037.155516902404,397481941838.7687
68,603.4115373508288,0.0016545018389011214,5107.207855121338,403009771847.6248
67,608.7300207965728,0.0016400701390650975,5178.260240734045,408616515596.3235
66,614.0953039216981,0.0016257643224135236,5250.327459277158,414303339811.5605
65,619.5077985372064,0.0016115832909069211,5323.424524399645,420071429220.376
64,624.9679200778039,0.00159752595608367,5397.566681546409,425921986840.82715
63,630.4760876337914,0.0015835912389764548,5472.76941170402,431856234277.5642
62,636.0327239832297,0.0015697780700294536,5549.048435209466,437875412022.37897
61,641.638255624389,0.0015560853890162474,5626.419715623099,443980779759.8188
60,647.2931128084871,0.0015425121449584348,5704.899463666966,450173616677.96027
59,652.9977295727105,0.001529057296044973,5784.504141229475,456455221784.41785
58,658.752543773531,0.0015157198095522063,5865.250465437766,462826914227.69415
57,664.557997120313,0.0015024986617646035,5947.155412798789,469290033623.95245
56,670.4145352092145,0.0014893928378961851,6030.236223410348,475845940389.3106
55,676.3226075573918,0.0014764013320126283,6114.510405243401,482496016077.7568
54,682.2826676375012,0.001463523146954059,6199.995738496721,489241663724.77625
53,688.2951729125025,0.0014507572942585188,6286.710280025256,496084308196.79297
52,694.3605848707757,0.0014381027940860895,6374.672367843497,503025396546.5304
51,700.4793690615406,0.0014255586751436879,6463.900625705105,510066398374.38983
50,706.6519951305875,0.0014131239746105197,6554.413967760077,517208806195.9477
49,712.8789368563296,0.0014007977380641687,6646.231603291016,524454135815.69403
48,719.1606721861626,0.0013885790194073503,6739.373041529562,531803926707.0978
47,725.497683273154,0.0013764668807952861,6833.85809655471,539259742399.13214
46,731.8904565130482,0.0013644603925637231,6929.706892274189,546823170869.35626
45,738.3394825815985,0.0013525586331575809,7026.939867490456,554495824943.6719
44,744.845256472233,0.0013407606890602098,7125.577781052855,562279342702.8809
43,751.4082775340421,0.001329065654723284,7225.641717097237,570175387896.143
42,758.0290495101112,0.0013174726324972873,7327.153090374826,578185650361.4775
41,764.708080576183,0.0013059807325626186,7430.133651671661,586311846453.4108
40,771.4458833796604,0.001294589072861297,7534.605493320295,594555719477.9044
39,778.2429750789587,0.0012832967790292527,7640.591054805436,602919040134.697
38,785.0998773831981,0.0012721029843292197,7748.113128465011,611403606967.1741
37,792.0171165922452,0.0012610068295842113,7857.194865288393,620011246819.9071
36,798.9952236371129,0.0012500074631115693,7967.859780813588,628743815304.0002
35,806.0347341207103,0.0012391040406575951,8080.131761124931,637603197270.3683
34,813.13618835895,0.0012282957253327538,8194.035068953111,646591307291.09
33,820.3001314222256,0.0012175816875474306,8309.594349879488,655710090148.9904
32,827.5271131772424,0.0012069611049482642,8426.834638646149,664961521335.5676
31,834.8176883292272,0.0011964331623550203,8545.78136557401,674347607557.4452
30,842.1724164645024,0.0011859970516980261,8666.46036309044,683870387251.4667
29,849.591862093435,0.0011756519719561495,8788.897872368558,693531931108.6029
28,857.0765946937704,0.00116539712909531,8913.120550080166,703334342606.8259
27,864.6271887543364,0.0011552317360075416,9039.155475264111,713279758553.0911
26,872.244223819144,0.0011451550124505698,9167.030156312374,723370349634.6094
25,879.9282845318666,0.0011351661849879292,9296.772538075667,733608320979.5509
24,887.679960680713,0.0011252644869296005,9428.411009090785,743995912727.3539
23,895.4998472437005,0.0011154491582731575,9561.97440893191,754535400608.817
22,903.3885444343202,0.0011057194456454368,9697.49203568784,765229096536.1274
21,911.3466577476041,0.0010960746022447147,9834.99365356745,776079349203.0074
20,919.3747980066039,0.0010865138877833819,9974.509500635737,787088544695.166
19,927.4735814092722,0.0010770365684311257,10116.07029668253,798259107111.2185
18,935.6436295757571,0.001067641916758607,10259.707251226284,809593499194.2661
17,943.8855695961191,0.0010583292116816208,10405.452071655454,821094222974.3319
16,952.2000340784574,0.0010490977384057568,10553.33697150954,832763820421.8177
15,960.5876611974709,0.0010399467883715292,10703.394678902641,844604874112.2074
14,969.0490947434391,0.0010308756591999937,10855.658445091703,856620007902.1863
13,977.5849841716332,0.00102188365463884,11010.162053192069,868811887617.3861
12,986.1959846521711,0.001012970084508944,11166.939827043147,881183221751.9747
11,994.8827571202972,0.0010041342646514015,11326.02664022636,893736762180.2621
10,1003.64596832712,0.000995375516875008,11487.457925238621,906475304880.5796
9,1012.486290890784,0.0009866931689042084,11651.269682823526,919401690671.6044
8,1021.4044033480944,0.0009780865543274988,11817.49849146331,932518805961.3698
7,1030.4009902066043,0.0009695550125462705,11986.181517034494,945829583509.1919
6,1039.4767419971492,0.0009610978887241093,12157.356522629754,959337003200.7139
5,1048.632355326848,0.0009527145337365359,12331.061878549132,973044092836.312
4,1057.868532932575,0.000944404304121177,12507.336572463699,986953928933.1105
3,1067.1859837348954,0.00093616656202838,12686.220219754347,1001069637540.8154
2,1076.5854228924768,0.0009280006751722565,12867.753074029013,1015394395071.6294
1,1086.0675718569864,0.0009199060167821464,13051.976037821552,1029931429144.4987
0,1095.6331584284585,0.0009118819655545162,13238.930673475075,1044684019443.9182
